Date,Method,Call,"Start Time","Stop Time","Execution Time",Result,Error,"Error Code"
"2014-09-22 09:46:38",DataService.getAppSetting,"a:2:{i:0;O:9:""xmlrpcval"":3:{s:2:""me"";a:1:{s:6:""string"";s:6:""APIKEY"";}s:6:""mytype"";i:1;s:10:""_php_class"";N;}i:1;O:9:""xmlrpcval"":3:{s:2:""me"";a:1:{s:6:""string"";s:7:""enabled"";}s:6:""mytype"";i:1;s:10:""_php_class"";N;}}","0.29574900 1411379198","0.64178000 1411379198",0.346031,"O:10:""xmlrpcresp"":9:{s:3:""val"";s:3:""yes"";s:6:""valtyp"";s:7:""phpvals"";s:5:""errno"";i:0;s:6:""errstr"";s:0:"""";s:7:""payload"";N;s:4:""hdrs"";a:8:{s:6:""server"";s:17:""Apache-Coyote/1.1"";s:6:""pragma"";s:8:""no-cache"";s:13:""cache-control"";s:18:""no-cache, no-store"";s:7:""expires"";s:29:""Mon, 22 Sep 2014 21:41:53 GMT"";s:12:""content-type"";s:22:""text/xml;charset=UTF-8"";s:14:""content-length"";s:3:""121"";s:4:""date"";s:29:""Mon, 22 Sep 2014 09:41:52 GMT"";s:10:""set-cookie"";s:36:""app-lb=1074069514.20480.0000; path=/"";}s:8:""_cookies"";a:1:{s:6:""app-lb"";a:2:{s:5:""value"";s:21:""1074069514.20480.0000"";s:4:""path"";s:1:""/"";}}s:12:""content_type"";s:8:""text/xml"";s:8:""raw_data"";s:406:""HTTP/1.1 200 OK
Server: Apache-Coyote/1.1
Pragma: no-cache
Cache-Control: no-cache, no-store
Expires: Mon, 22 Sep 2014 21:41:53 GMT
Content-Type: text/xml;charset=UTF-8
Content-Length: 121
Date: Mon, 22 Sep 2014 09:41:52 GMT
Set-Cookie: app-lb=1074069514.20480.0000; path=/

<?xml version=""1.0"" encoding=""UTF-8""?><methodResponse><params><param><value>yes</value></param></params></methodResponse>"";}",No,"No Error Code Received"
"2014-09-22 09:46:38",DataService.findByField,"a:6:{i:0;O:9:""xmlrpcval"":3:{s:2:""me"";a:1:{s:6:""string"";s:6:""APIKEY"";}s:6:""mytype"";i:1;s:10:""_php_class"";N;}i:1;O:9:""xmlrpcval"":3:{s:2:""me"";a:1:{s:3:""int"";i:10;}s:6:""mytype"";i:1;s:10:""_php_class"";N;}i:2;O:9:""xmlrpcval"":3:{s:2:""me"";a:1:{s:3:""int"";i:0;}s:6:""mytype"";i:1;s:10:""_php_class"";N;}i:3;O:9:""xmlrpcval"":3:{s:2:""me"";a:1:{s:6:""string"";s:9:""FirstName"";}s:6:""mytype"";i:1;s:10:""_php_class"";N;}i:4;O:9:""xmlrpcval"":3:{s:2:""me"";a:1:{s:6:""string"";s:9:""Emeritus%"";}s:6:""mytype"";i:1;s:10:""_php_class"";N;}i:5;O:9:""xmlrpcval"":3:{s:2:""me"";a:1:{s:5:""array"";a:4:{i:0;O:9:""xmlrpcval"":3:{s:2:""me"";a:1:{s:6:""string"";s:2:""Id"";}s:6:""mytype"";i:1;s:10:""_php_class"";N;}i:1;O:9:""xmlrpcval"":3:{s:2:""me"";a:1:{s:6:""string"";s:9:""FirstName"";}s:6:""mytype"";i:1;s:10:""_php_class"";N;}i:2;O:9:""xmlrpcval"":3:{s:2:""me"";a:1:{s:6:""string"";s:8:""LastName"";}s:6:""mytype"";i:1;s:10:""_php_class"";N;}i:3;O:9:""xmlrpcval"":3:{s:2:""me"";a:1:{s:6:""string"";s:5:""Email"";}s:6:""mytype"";i:1;s:10:""_php_class"";N;}}}s:6:""mytype"";i:2;s:10:""_php_class"";N;}}","0.66450800 1411379198","0.71946300 1411379198",0.054955,"O:10:""xmlrpcresp"":9:{s:3:""val"";i:0;s:6:""valtyp"";N;s:5:""errno"";i:8;s:6:""errstr"";s:85:""CURL error: GnuTLS recv error (-9): A TLS packet with unexpected length was received."";s:7:""payload"";N;s:4:""hdrs"";a:0:{}s:8:""_cookies"";a:0:{}s:12:""content_type"";s:8:""text/xml"";s:8:""raw_data"";s:0:"""";}",Yes,"ERROR: 8 - CURL error: GnuTLS recv error (-9): A TLS packet with unexpected length was received."
"2014-09-22 09:46:39",DataService.getAppSetting,"a:2:{i:0;O:9:""xmlrpcval"":3:{s:2:""me"";a:1:{s:6:""string"";s:6:""APIKEY"";}s:6:""mytype"";i:1;s:10:""_php_class"";N;}i:1;O:9:""xmlrpcval"":3:{s:2:""me"";a:1:{s:6:""string"";s:7:""enabled"";}s:6:""mytype"";i:1;s:10:""_php_class"";N;}}","0.07716800 1411379199","0.40982400 1411379199",0.332656,"O:10:""xmlrpcresp"":9:{s:3:""val"";s:3:""yes"";s:6:""valtyp"";s:7:""phpvals"";s:5:""errno"";i:0;s:6:""errstr"";s:0:"""";s:7:""payload"";N;s:4:""hdrs"";a:8:{s:6:""server"";s:17:""Apache-Coyote/1.1"";s:6:""pragma"";s:8:""no-cache"";s:13:""cache-control"";s:18:""no-cache, no-store"";s:7:""expires"";s:29:""Mon, 22 Sep 2014 21:41:53 GMT"";s:12:""content-type"";s:22:""text/xml;charset=UTF-8"";s:14:""content-length"";s:3:""121"";s:4:""date"";s:29:""Mon, 22 Sep 2014 09:41:53 GMT"";s:10:""set-cookie"";s:36:""app-lb=1074069514.20480.0000; path=/"";}s:8:""_cookies"";a:1:{s:6:""app-lb"";a:2:{s:5:""value"";s:21:""1074069514.20480.0000"";s:4:""path"";s:1:""/"";}}s:12:""content_type"";s:8:""text/xml"";s:8:""raw_data"";s:406:""HTTP/1.1 200 OK
Server: Apache-Coyote/1.1
Pragma: no-cache
Cache-Control: no-cache, no-store
Expires: Mon, 22 Sep 2014 21:41:53 GMT
Content-Type: text/xml;charset=UTF-8
Content-Length: 121
Date: Mon, 22 Sep 2014 09:41:53 GMT
Set-Cookie: app-lb=1074069514.20480.0000; path=/

<?xml version=""1.0"" encoding=""UTF-8""?><methodResponse><params><param><value>yes</value></param></params></methodResponse>"";}",No,"No Error Code Received"
"2014-09-22 09:46:39",DataService.findByField,"a:6:{i:0;O:9:""xmlrpcval"":3:{s:2:""me"";a:1:{s:6:""string"";s:6:""APIKEY"";}s:6:""mytype"";i:1;s:10:""_php_class"";N;}i:1;O:9:""xmlrpcval"":3:{s:2:""me"";a:1:{s:3:""int"";i:10;}s:6:""mytype"";i:1;s:10:""_php_class"";N;}i:2;O:9:""xmlrpcval"":3:{s:2:""me"";a:1:{s:3:""int"";i:0;}s:6:""mytype"";i:1;s:10:""_php_class"";N;}i:3;O:9:""xmlrpcval"":3:{s:2:""me"";a:1:{s:6:""string"";s:9:""FirstName"";}s:6:""mytype"";i:1;s:10:""_php_class"";N;}i:4;O:9:""xmlrpcval"":3:{s:2:""me"";a:1:{s:6:""string"";s:9:""Emeritus%"";}s:6:""mytype"";i:1;s:10:""_php_class"";N;}i:5;O:9:""xmlrpcval"":3:{s:2:""me"";a:1:{s:5:""array"";a:4:{i:0;O:9:""xmlrpcval"":3:{s:2:""me"";a:1:{s:6:""string"";s:2:""Id"";}s:6:""mytype"";i:1;s:10:""_php_class"";N;}i:1;O:9:""xmlrpcval"":3:{s:2:""me"";a:1:{s:6:""string"";s:9:""FirstName"";}s:6:""mytype"";i:1;s:10:""_php_class"";N;}i:2;O:9:""xmlrpcval"":3:{s:2:""me"";a:1:{s:6:""string"";s:8:""LastName"";}s:6:""mytype"";i:1;s:10:""_php_class"";N;}i:3;O:9:""xmlrpcval"":3:{s:2:""me"";a:1:{s:6:""string"";s:5:""Email"";}s:6:""mytype"";i:1;s:10:""_php_class"";N;}}}s:6:""mytype"";i:2;s:10:""_php_class"";N;}}","0.41023800 1411379199","0.45995800 1411379199",0.04972,"O:10:""xmlrpcresp"":9:{s:3:""val"";i:0;s:6:""valtyp"";N;s:5:""errno"";i:8;s:6:""errstr"";s:85:""CURL error: GnuTLS recv error (-9): A TLS packet with unexpected length was received."";s:7:""payload"";N;s:4:""hdrs"";a:0:{}s:8:""_cookies"";a:0:{}s:12:""content_type"";s:8:""text/xml"";s:8:""raw_data"";s:0:"""";}",Yes,"ERROR: 8 - CURL error: GnuTLS recv error (-9): A TLS packet with unexpected length was received."
"2014-09-22 09:46:54",DataService.getAppSetting,"a:2:{i:0;O:9:""xmlrpcval"":3:{s:2:""me"";a:1:{s:6:""string"";s:6:""APIKEY"";}s:6:""mytype"";i:1;s:10:""_php_class"";N;}i:1;O:9:""xmlrpcval"":3:{s:2:""me"";a:1:{s:6:""string"";s:7:""enabled"";}s:6:""mytype"";i:1;s:10:""_php_class"";N;}}","0.49296500 1411379214","0.80116900 1411379214",0.308204,"O:10:""xmlrpcresp"":9:{s:3:""val"";s:3:""yes"";s:6:""valtyp"";s:7:""phpvals"";s:5:""errno"";i:0;s:6:""errstr"";s:0:"""";s:7:""payload"";N;s:4:""hdrs"";a:8:{s:6:""server"";s:17:""Apache-Coyote/1.1"";s:6:""pragma"";s:8:""no-cache"";s:13:""cache-control"";s:18:""no-cache, no-store"";s:7:""expires"";s:29:""Mon, 22 Sep 2014 21:42:09 GMT"";s:12:""content-type"";s:22:""text/xml;charset=UTF-8"";s:14:""content-length"";s:3:""121"";s:4:""date"";s:29:""Mon, 22 Sep 2014 09:42:09 GMT"";s:10:""set-cookie"";s:36:""app-lb=1074069514.20480.0000; path=/"";}s:8:""_cookies"";a:1:{s:6:""app-lb"";a:2:{s:5:""value"";s:21:""1074069514.20480.0000"";s:4:""path"";s:1:""/"";}}s:12:""content_type"";s:8:""text/xml"";s:8:""raw_data"";s:406:""HTTP/1.1 200 OK
Server: Apache-Coyote/1.1
Pragma: no-cache
Cache-Control: no-cache, no-store
Expires: Mon, 22 Sep 2014 21:42:09 GMT
Content-Type: text/xml;charset=UTF-8
Content-Length: 121
Date: Mon, 22 Sep 2014 09:42:09 GMT
Set-Cookie: app-lb=1074069514.20480.0000; path=/

<?xml version=""1.0"" encoding=""UTF-8""?><methodResponse><params><param><value>yes</value></param></params></methodResponse>"";}",No,"No Error Code Received"
"2014-09-22 09:46:54",ContactService.load,"a:2:{i:0;O:9:""xmlrpcval"":3:{s:2:""me"";a:2:{s:3:""int"";i:727351;s:6:""string"";s:6:""APIKEY"";}s:6:""mytype"";i:1;s:10:""_php_class"";N;}i:1;O:9:""xmlrpcval"":3:{s:2:""me"";a:1:{s:5:""array"";a:1:{i:0;O:9:""xmlrpcval"":3:{s:2:""me"";a:1:{s:6:""string"";s:20:""_WistiaLinkedReports"";}s:6:""mytype"";i:1;s:10:""_php_class"";N;}}}s:6:""mytype"";i:2;s:10:""_php_class"";N;}}","0.80148800 1411379214","0.85511300 1411379214",0.053625,"O:10:""xmlrpcresp"":9:{s:3:""val"";a:1:{s:20:""_WistiaLinkedReports"";s:62:""728517,725587,725607,725299,725617,724411,725525,728463,725333"";}s:6:""valtyp"";s:7:""phpvals"";s:5:""errno"";i:0;s:6:""errstr"";s:0:"""";s:7:""payload"";N;s:4:""hdrs"";a:8:{s:6:""server"";s:17:""Apache-Coyote/1.1"";s:6:""pragma"";s:8:""no-cache"";s:13:""cache-control"";s:18:""no-cache, no-store"";s:7:""expires"";s:29:""Mon, 22 Sep 2014 21:42:09 GMT"";s:12:""content-type"";s:22:""text/xml;charset=UTF-8"";s:14:""content-length"";s:3:""262"";s:4:""date"";s:29:""Mon, 22 Sep 2014 09:42:09 GMT"";s:10:""set-cookie"";s:36:""app-lb=1074069514.20480.0000; path=/"";}s:8:""_cookies"";a:1:{s:6:""app-lb"";a:2:{s:5:""value"";s:21:""1074069514.20480.0000"";s:4:""path"";s:1:""/"";}}s:12:""content_type"";s:8:""text/xml"";s:8:""raw_data"";s:547:""HTTP/1.1 200 OK
Server: Apache-Coyote/1.1
Pragma: no-cache
Cache-Control: no-cache, no-store
Expires: Mon, 22 Sep 2014 21:42:09 GMT
Content-Type: text/xml;charset=UTF-8
Content-Length: 262
Date: Mon, 22 Sep 2014 09:42:09 GMT
Set-Cookie: app-lb=1074069514.20480.0000; path=/

<?xml version=""1.0"" encoding=""UTF-8""?><methodResponse><params><param><value><struct><member><name>_WistiaLinkedReports</name><value>728517,725587,725607,725299,725617,724411,725525,728463,725333</value></member></struct></value></param></params></methodResponse>"";}",No,"No Error Code Received"
"2014-09-22 09:46:54",ContactService.load,"a:2:{i:0;O:9:""xmlrpcval"":3:{s:2:""me"";a:2:{s:3:""int"";i:728517;s:6:""string"";s:6:""APIKEY"";}s:6:""mytype"";i:1;s:10:""_php_class"";N;}i:1;O:9:""xmlrpcval"":3:{s:2:""me"";a:1:{s:5:""array"";a:2:{i:0;O:9:""xmlrpcval"":3:{s:2:""me"";a:1:{s:6:""string"";s:9:""FirstName"";}s:6:""mytype"";i:1;s:10:""_php_class"";N;}i:1;O:9:""xmlrpcval"":3:{s:2:""me"";a:1:{s:6:""string"";s:8:""LastName"";}s:6:""mytype"";i:1;s:10:""_php_class"";N;}}}s:6:""mytype"";i:2;s:10:""_php_class"";N;}}","0.85543700 1411379214","0.90682100 1411379214",0.051384,"O:10:""xmlrpcresp"":9:{s:3:""val"";a:2:{s:9:""FirstName"";s:21:""Emeritus at Arrowhead"";s:8:""LastName"";s:5:""Child"";}s:6:""valtyp"";s:7:""phpvals"";s:5:""errno"";i:0;s:6:""errstr"";s:0:"""";s:7:""payload"";N;s:4:""hdrs"";a:8:{s:6:""server"";s:17:""Apache-Coyote/1.1"";s:6:""pragma"";s:8:""no-cache"";s:13:""cache-control"";s:18:""no-cache, no-store"";s:7:""expires"";s:29:""Mon, 22 Sep 2014 21:42:09 GMT"";s:12:""content-type"";s:22:""text/xml;charset=UTF-8"";s:14:""content-length"";s:3:""268"";s:4:""date"";s:29:""Mon, 22 Sep 2014 09:42:09 GMT"";s:10:""set-cookie"";s:36:""app-lb=1074069514.20480.0000; path=/"";}s:8:""_cookies"";a:1:{s:6:""app-lb"";a:2:{s:5:""value"";s:21:""1074069514.20480.0000"";s:4:""path"";s:1:""/"";}}s:12:""content_type"";s:8:""text/xml"";s:8:""raw_data"";s:553:""HTTP/1.1 200 OK
Server: Apache-Coyote/1.1
Pragma: no-cache
Cache-Control: no-cache, no-store
Expires: Mon, 22 Sep 2014 21:42:09 GMT
Content-Type: text/xml;charset=UTF-8
Content-Length: 268
Date: Mon, 22 Sep 2014 09:42:09 GMT
Set-Cookie: app-lb=1074069514.20480.0000; path=/

<?xml version=""1.0"" encoding=""UTF-8""?><methodResponse><params><param><value><struct><member><name>FirstName</name><value>Emeritus at Arrowhead</value></member><member><name>LastName</name><value>Child</value></member></struct></value></param></params></methodResponse>"";}",No,"No Error Code Received"
"2014-09-22 09:46:54",ContactService.load,"a:2:{i:0;O:9:""xmlrpcval"":3:{s:2:""me"";a:2:{s:3:""int"";i:725587;s:6:""string"";s:6:""APIKEY"";}s:6:""mytype"";i:1;s:10:""_php_class"";N;}i:1;O:9:""xmlrpcval"":3:{s:2:""me"";a:1:{s:5:""array"";a:2:{i:0;O:9:""xmlrpcval"":3:{s:2:""me"";a:1:{s:6:""string"";s:9:""FirstName"";}s:6:""mytype"";i:1;s:10:""_php_class"";N;}i:1;O:9:""xmlrpcval"":3:{s:2:""me"";a:1:{s:6:""string"";s:8:""LastName"";}s:6:""mytype"";i:1;s:10:""_php_class"";N;}}}s:6:""mytype"";i:2;s:10:""_php_class"";N;}}","0.90712400 1411379214","0.95963300 1411379214",0.052509,"O:10:""xmlrpcresp"":9:{s:3:""val"";a:2:{s:9:""FirstName"";s:30:""Emeritus At Catalina Foothills"";s:8:""LastName"";s:6:""Child2"";}s:6:""valtyp"";s:7:""phpvals"";s:5:""errno"";i:0;s:6:""errstr"";s:0:"""";s:7:""payload"";N;s:4:""hdrs"";a:8:{s:6:""server"";s:17:""Apache-Coyote/1.1"";s:6:""pragma"";s:8:""no-cache"";s:13:""cache-control"";s:18:""no-cache, no-store"";s:7:""expires"";s:29:""Mon, 22 Sep 2014 21:42:09 GMT"";s:12:""content-type"";s:22:""text/xml;charset=UTF-8"";s:14:""content-length"";s:3:""278"";s:4:""date"";s:29:""Mon, 22 Sep 2014 09:42:09 GMT"";s:10:""set-cookie"";s:36:""app-lb=1074069514.20480.0000; path=/"";}s:8:""_cookies"";a:1:{s:6:""app-lb"";a:2:{s:5:""value"";s:21:""1074069514.20480.0000"";s:4:""path"";s:1:""/"";}}s:12:""content_type"";s:8:""text/xml"";s:8:""raw_data"";s:563:""HTTP/1.1 200 OK
Server: Apache-Coyote/1.1
Pragma: no-cache
Cache-Control: no-cache, no-store
Expires: Mon, 22 Sep 2014 21:42:09 GMT
Content-Type: text/xml;charset=UTF-8
Content-Length: 278
Date: Mon, 22 Sep 2014 09:42:09 GMT
Set-Cookie: app-lb=1074069514.20480.0000; path=/

<?xml version=""1.0"" encoding=""UTF-8""?><methodResponse><params><param><value><struct><member><name>FirstName</name><value>Emeritus At Catalina Foothills</value></member><member><name>LastName</name><value>Child2</value></member></struct></value></param></params></methodResponse>"";}",No,"No Error Code Received"
"2014-09-22 09:46:54",ContactService.load,"a:2:{i:0;O:9:""xmlrpcval"":3:{s:2:""me"";a:2:{s:3:""int"";i:725607;s:6:""string"";s:6:""APIKEY"";}s:6:""mytype"";i:1;s:10:""_php_class"";N;}i:1;O:9:""xmlrpcval"":3:{s:2:""me"";a:1:{s:5:""array"";a:2:{i:0;O:9:""xmlrpcval"":3:{s:2:""me"";a:1:{s:6:""string"";s:9:""FirstName"";}s:6:""mytype"";i:1;s:10:""_php_class"";N;}i:1;O:9:""xmlrpcval"":3:{s:2:""me"";a:1:{s:6:""string"";s:8:""LastName"";}s:6:""mytype"";i:1;s:10:""_php_class"";N;}}}s:6:""mytype"";i:2;s:10:""_php_class"";N;}}","0.95994400 1411379214","0.01265300 1411379215",-0.947291,"O:10:""xmlrpcresp"":9:{s:3:""val"";a:2:{s:9:""FirstName"";s:20:""Emeritus at Chandler"";s:8:""LastName"";s:5:""Child"";}s:6:""valtyp"";s:7:""phpvals"";s:5:""errno"";i:0;s:6:""errstr"";s:0:"""";s:7:""payload"";N;s:4:""hdrs"";a:8:{s:6:""server"";s:17:""Apache-Coyote/1.1"";s:6:""pragma"";s:8:""no-cache"";s:13:""cache-control"";s:18:""no-cache, no-store"";s:7:""expires"";s:29:""Mon, 22 Sep 2014 21:42:09 GMT"";s:12:""content-type"";s:22:""text/xml;charset=UTF-8"";s:14:""content-length"";s:3:""267"";s:4:""date"";s:29:""Mon, 22 Sep 2014 09:42:09 GMT"";s:10:""set-cookie"";s:36:""app-lb=1074069514.20480.0000; path=/"";}s:8:""_cookies"";a:1:{s:6:""app-lb"";a:2:{s:5:""value"";s:21:""1074069514.20480.0000"";s:4:""path"";s:1:""/"";}}s:12:""content_type"";s:8:""text/xml"";s:8:""raw_data"";s:552:""HTTP/1.1 200 OK
Server: Apache-Coyote/1.1
Pragma: no-cache
Cache-Control: no-cache, no-store
Expires: Mon, 22 Sep 2014 21:42:09 GMT
Content-Type: text/xml;charset=UTF-8
Content-Length: 267
Date: Mon, 22 Sep 2014 09:42:09 GMT
Set-Cookie: app-lb=1074069514.20480.0000; path=/

<?xml version=""1.0"" encoding=""UTF-8""?><methodResponse><params><param><value><struct><member><name>FirstName</name><value>Emeritus at Chandler</value></member><member><name>LastName</name><value>Child</value></member></struct></value></param></params></methodResponse>"";}",No,"No Error Code Received"
"2014-09-22 09:46:55",ContactService.load,"a:2:{i:0;O:9:""xmlrpcval"":3:{s:2:""me"";a:2:{s:3:""int"";i:725299;s:6:""string"";s:6:""APIKEY"";}s:6:""mytype"";i:1;s:10:""_php_class"";N;}i:1;O:9:""xmlrpcval"":3:{s:2:""me"";a:1:{s:5:""array"";a:2:{i:0;O:9:""xmlrpcval"":3:{s:2:""me"";a:1:{s:6:""string"";s:9:""FirstName"";}s:6:""mytype"";i:1;s:10:""_php_class"";N;}i:1;O:9:""xmlrpcval"":3:{s:2:""me"";a:1:{s:6:""string"";s:8:""LastName"";}s:6:""mytype"";i:1;s:10:""_php_class"";N;}}}s:6:""mytype"";i:2;s:10:""_php_class"";N;}}","0.01295100 1411379215","0.06616400 1411379215",0.053213,"O:10:""xmlrpcresp"":9:{s:3:""val"";a:2:{s:9:""FirstName"";s:19:""Emeritus at Gilbert"";s:8:""LastName"";s:5:""Child"";}s:6:""valtyp"";s:7:""phpvals"";s:5:""errno"";i:0;s:6:""errstr"";s:0:"""";s:7:""payload"";N;s:4:""hdrs"";a:8:{s:6:""server"";s:17:""Apache-Coyote/1.1"";s:6:""pragma"";s:8:""no-cache"";s:13:""cache-control"";s:18:""no-cache, no-store"";s:7:""expires"";s:29:""Mon, 22 Sep 2014 21:42:09 GMT"";s:12:""content-type"";s:22:""text/xml;charset=UTF-8"";s:14:""content-length"";s:3:""266"";s:4:""date"";s:29:""Mon, 22 Sep 2014 09:42:09 GMT"";s:10:""set-cookie"";s:36:""app-lb=1074069514.20480.0000; path=/"";}s:8:""_cookies"";a:1:{s:6:""app-lb"";a:2:{s:5:""value"";s:21:""1074069514.20480.0000"";s:4:""path"";s:1:""/"";}}s:12:""content_type"";s:8:""text/xml"";s:8:""raw_data"";s:551:""HTTP/1.1 200 OK
Server: Apache-Coyote/1.1
Pragma: no-cache
Cache-Control: no-cache, no-store
Expires: Mon, 22 Sep 2014 21:42:09 GMT
Content-Type: text/xml;charset=UTF-8
Content-Length: 266
Date: Mon, 22 Sep 2014 09:42:09 GMT
Set-Cookie: app-lb=1074069514.20480.0000; path=/

<?xml version=""1.0"" encoding=""UTF-8""?><methodResponse><params><param><value><struct><member><name>FirstName</name><value>Emeritus at Gilbert</value></member><member><name>LastName</name><value>Child</value></member></struct></value></param></params></methodResponse>"";}",No,"No Error Code Received"
"2014-09-22 09:46:55",ContactService.load,"a:2:{i:0;O:9:""xmlrpcval"":3:{s:2:""me"";a:2:{s:3:""int"";i:725617;s:6:""string"";s:6:""APIKEY"";}s:6:""mytype"";i:1;s:10:""_php_class"";N;}i:1;O:9:""xmlrpcval"":3:{s:2:""me"";a:1:{s:5:""array"";a:2:{i:0;O:9:""xmlrpcval"":3:{s:2:""me"";a:1:{s:6:""string"";s:9:""FirstName"";}s:6:""mytype"";i:1;s:10:""_php_class"";N;}i:1;O:9:""xmlrpcval"":3:{s:2:""me"";a:1:{s:6:""string"";s:8:""LastName"";}s:6:""mytype"";i:1;s:10:""_php_class"";N;}}}s:6:""mytype"";i:2;s:10:""_php_class"";N;}}","0.06647400 1411379215","0.11969600 1411379215",0.053222,"O:10:""xmlrpcresp"":9:{s:3:""val"";a:2:{s:9:""FirstName"";s:19:""Emeritus at Pantano"";s:8:""LastName"";s:5:""Child"";}s:6:""valtyp"";s:7:""phpvals"";s:5:""errno"";i:0;s:6:""errstr"";s:0:"""";s:7:""payload"";N;s:4:""hdrs"";a:8:{s:6:""server"";s:17:""Apache-Coyote/1.1"";s:6:""pragma"";s:8:""no-cache"";s:13:""cache-control"";s:18:""no-cache, no-store"";s:7:""expires"";s:29:""Mon, 22 Sep 2014 21:42:09 GMT"";s:12:""content-type"";s:22:""text/xml;charset=UTF-8"";s:14:""content-length"";s:3:""266"";s:4:""date"";s:29:""Mon, 22 Sep 2014 09:42:09 GMT"";s:10:""set-cookie"";s:36:""app-lb=1074069514.20480.0000; path=/"";}s:8:""_cookies"";a:1:{s:6:""app-lb"";a:2:{s:5:""value"";s:21:""1074069514.20480.0000"";s:4:""path"";s:1:""/"";}}s:12:""content_type"";s:8:""text/xml"";s:8:""raw_data"";s:551:""HTTP/1.1 200 OK
Server: Apache-Coyote/1.1
Pragma: no-cache
Cache-Control: no-cache, no-store
Expires: Mon, 22 Sep 2014 21:42:09 GMT
Content-Type: text/xml;charset=UTF-8
Content-Length: 266
Date: Mon, 22 Sep 2014 09:42:09 GMT
Set-Cookie: app-lb=1074069514.20480.0000; path=/

<?xml version=""1.0"" encoding=""UTF-8""?><methodResponse><params><param><value><struct><member><name>FirstName</name><value>Emeritus at Pantano</value></member><member><name>LastName</name><value>Child</value></member></struct></value></param></params></methodResponse>"";}",No,"No Error Code Received"
"2014-09-22 09:46:55",ContactService.load,"a:2:{i:0;O:9:""xmlrpcval"":3:{s:2:""me"";a:2:{s:3:""int"";i:724411;s:6:""string"";s:6:""APIKEY"";}s:6:""mytype"";i:1;s:10:""_php_class"";N;}i:1;O:9:""xmlrpcval"":3:{s:2:""me"";a:1:{s:5:""array"";a:2:{i:0;O:9:""xmlrpcval"":3:{s:2:""me"";a:1:{s:6:""string"";s:9:""FirstName"";}s:6:""mytype"";i:1;s:10:""_php_class"";N;}i:1;O:9:""xmlrpcval"":3:{s:2:""me"";a:1:{s:6:""string"";s:8:""LastName"";}s:6:""mytype"";i:1;s:10:""_php_class"";N;}}}s:6:""mytype"";i:2;s:10:""_php_class"";N;}}","0.12003200 1411379215","0.17176700 1411379215",0.051735,"O:10:""xmlrpcresp"":9:{s:3:""val"";a:2:{s:9:""FirstName"";s:18:""Emeritus At Peoria"";s:8:""LastName"";s:5:""Child"";}s:6:""valtyp"";s:7:""phpvals"";s:5:""errno"";i:0;s:6:""errstr"";s:0:"""";s:7:""payload"";N;s:4:""hdrs"";a:8:{s:6:""server"";s:17:""Apache-Coyote/1.1"";s:6:""pragma"";s:8:""no-cache"";s:13:""cache-control"";s:18:""no-cache, no-store"";s:7:""expires"";s:29:""Mon, 22 Sep 2014 21:42:09 GMT"";s:12:""content-type"";s:22:""text/xml;charset=UTF-8"";s:14:""content-length"";s:3:""265"";s:4:""date"";s:29:""Mon, 22 Sep 2014 09:42:09 GMT"";s:10:""set-cookie"";s:36:""app-lb=1074069514.20480.0000; path=/"";}s:8:""_cookies"";a:1:{s:6:""app-lb"";a:2:{s:5:""value"";s:21:""1074069514.20480.0000"";s:4:""path"";s:1:""/"";}}s:12:""content_type"";s:8:""text/xml"";s:8:""raw_data"";s:550:""HTTP/1.1 200 OK
Server: Apache-Coyote/1.1
Pragma: no-cache
Cache-Control: no-cache, no-store
Expires: Mon, 22 Sep 2014 21:42:09 GMT
Content-Type: text/xml;charset=UTF-8
Content-Length: 265
Date: Mon, 22 Sep 2014 09:42:09 GMT
Set-Cookie: app-lb=1074069514.20480.0000; path=/

<?xml version=""1.0"" encoding=""UTF-8""?><methodResponse><params><param><value><struct><member><name>FirstName</name><value>Emeritus At Peoria</value></member><member><name>LastName</name><value>Child</value></member></struct></value></param></params></methodResponse>"";}",No,"No Error Code Received"
"2014-09-22 09:46:55",ContactService.load,"a:2:{i:0;O:9:""xmlrpcval"":3:{s:2:""me"";a:2:{s:3:""int"";i:725525;s:6:""string"";s:6:""APIKEY"";}s:6:""mytype"";i:1;s:10:""_php_class"";N;}i:1;O:9:""xmlrpcval"":3:{s:2:""me"";a:1:{s:5:""array"";a:2:{i:0;O:9:""xmlrpcval"":3:{s:2:""me"";a:1:{s:6:""string"";s:9:""FirstName"";}s:6:""mytype"";i:1;s:10:""_php_class"";N;}i:1;O:9:""xmlrpcval"":3:{s:2:""me"";a:1:{s:6:""string"";s:8:""LastName"";}s:6:""mytype"";i:1;s:10:""_php_class"";N;}}}s:6:""mytype"";i:2;s:10:""_php_class"";N;}}","0.17211000 1411379215","0.22300400 1411379215",0.050894,"O:10:""xmlrpcresp"":9:{s:3:""val"";a:2:{s:9:""FirstName"";s:25:""Emeritus at Sun City West"";s:8:""LastName"";s:5:""Child"";}s:6:""valtyp"";s:7:""phpvals"";s:5:""errno"";i:0;s:6:""errstr"";s:0:"""";s:7:""payload"";N;s:4:""hdrs"";a:8:{s:6:""server"";s:17:""Apache-Coyote/1.1"";s:6:""pragma"";s:8:""no-cache"";s:13:""cache-control"";s:18:""no-cache, no-store"";s:7:""expires"";s:29:""Mon, 22 Sep 2014 21:42:09 GMT"";s:12:""content-type"";s:22:""text/xml;charset=UTF-8"";s:14:""content-length"";s:3:""272"";s:4:""date"";s:29:""Mon, 22 Sep 2014 09:42:09 GMT"";s:10:""set-cookie"";s:36:""app-lb=1074069514.20480.0000; path=/"";}s:8:""_cookies"";a:1:{s:6:""app-lb"";a:2:{s:5:""value"";s:21:""1074069514.20480.0000"";s:4:""path"";s:1:""/"";}}s:12:""content_type"";s:8:""text/xml"";s:8:""raw_data"";s:557:""HTTP/1.1 200 OK
Server: Apache-Coyote/1.1
Pragma: no-cache
Cache-Control: no-cache, no-store
Expires: Mon, 22 Sep 2014 21:42:09 GMT
Content-Type: text/xml;charset=UTF-8
Content-Length: 272
Date: Mon, 22 Sep 2014 09:42:09 GMT
Set-Cookie: app-lb=1074069514.20480.0000; path=/

<?xml version=""1.0"" encoding=""UTF-8""?><methodResponse><params><param><value><struct><member><name>FirstName</name><value>Emeritus at Sun City West</value></member><member><name>LastName</name><value>Child</value></member></struct></value></param></params></methodResponse>"";}",No,"No Error Code Received"
"2014-09-22 09:46:55",ContactService.load,"a:2:{i:0;O:9:""xmlrpcval"":3:{s:2:""me"";a:2:{s:3:""int"";i:728463;s:6:""string"";s:6:""APIKEY"";}s:6:""mytype"";i:1;s:10:""_php_class"";N;}i:1;O:9:""xmlrpcval"":3:{s:2:""me"";a:1:{s:5:""array"";a:2:{i:0;O:9:""xmlrpcval"":3:{s:2:""me"";a:1:{s:6:""string"";s:9:""FirstName"";}s:6:""mytype"";i:1;s:10:""_php_class"";N;}i:1;O:9:""xmlrpcval"":3:{s:2:""me"";a:1:{s:6:""string"";s:8:""LastName"";}s:6:""mytype"";i:1;s:10:""_php_class"";N;}}}s:6:""mytype"";i:2;s:10:""_php_class"";N;}}","0.22331800 1411379215","0.27706200 1411379215",0.053744,"O:10:""xmlrpcresp"":9:{s:3:""val"";a:2:{s:9:""FirstName"";s:24:""Emeritus at Tanque Verde"";s:8:""LastName"";s:5:""Child"";}s:6:""valtyp"";s:7:""phpvals"";s:5:""errno"";i:0;s:6:""errstr"";s:0:"""";s:7:""payload"";N;s:4:""hdrs"";a:8:{s:6:""server"";s:17:""Apache-Coyote/1.1"";s:6:""pragma"";s:8:""no-cache"";s:13:""cache-control"";s:18:""no-cache, no-store"";s:7:""expires"";s:29:""Mon, 22 Sep 2014 21:42:09 GMT"";s:12:""content-type"";s:22:""text/xml;charset=UTF-8"";s:14:""content-length"";s:3:""271"";s:4:""date"";s:29:""Mon, 22 Sep 2014 09:42:09 GMT"";s:10:""set-cookie"";s:36:""app-lb=1074069514.20480.0000; path=/"";}s:8:""_cookies"";a:1:{s:6:""app-lb"";a:2:{s:5:""value"";s:21:""1074069514.20480.0000"";s:4:""path"";s:1:""/"";}}s:12:""content_type"";s:8:""text/xml"";s:8:""raw_data"";s:556:""HTTP/1.1 200 OK
Server: Apache-Coyote/1.1
Pragma: no-cache
Cache-Control: no-cache, no-store
Expires: Mon, 22 Sep 2014 21:42:09 GMT
Content-Type: text/xml;charset=UTF-8
Content-Length: 271
Date: Mon, 22 Sep 2014 09:42:09 GMT
Set-Cookie: app-lb=1074069514.20480.0000; path=/

<?xml version=""1.0"" encoding=""UTF-8""?><methodResponse><params><param><value><struct><member><name>FirstName</name><value>Emeritus at Tanque Verde</value></member><member><name>LastName</name><value>Child</value></member></struct></value></param></params></methodResponse>"";}",No,"No Error Code Received"
"2014-09-22 09:46:55",ContactService.load,"a:2:{i:0;O:9:""xmlrpcval"":3:{s:2:""me"";a:2:{s:3:""int"";i:725333;s:6:""string"";s:6:""APIKEY"";}s:6:""mytype"";i:1;s:10:""_php_class"";N;}i:1;O:9:""xmlrpcval"":3:{s:2:""me"";a:1:{s:5:""array"";a:2:{i:0;O:9:""xmlrpcval"":3:{s:2:""me"";a:1:{s:6:""string"";s:9:""FirstName"";}s:6:""mytype"";i:1;s:10:""_php_class"";N;}i:1;O:9:""xmlrpcval"":3:{s:2:""me"";a:1:{s:6:""string"";s:8:""LastName"";}s:6:""mytype"";i:1;s:10:""_php_class"";N;}}}s:6:""mytype"";i:2;s:10:""_php_class"";N;}}","0.27741200 1411379215","0.33090600 1411379215",0.053494,"O:10:""xmlrpcresp"":9:{s:3:""val"";a:2:{s:9:""FirstName"";s:18:""Emeritus at Tucson"";s:8:""LastName"";s:5:""Child"";}s:6:""valtyp"";s:7:""phpvals"";s:5:""errno"";i:0;s:6:""errstr"";s:0:"""";s:7:""payload"";N;s:4:""hdrs"";a:8:{s:6:""server"";s:17:""Apache-Coyote/1.1"";s:6:""pragma"";s:8:""no-cache"";s:13:""cache-control"";s:18:""no-cache, no-store"";s:7:""expires"";s:29:""Mon, 22 Sep 2014 21:42:09 GMT"";s:12:""content-type"";s:22:""text/xml;charset=UTF-8"";s:14:""content-length"";s:3:""265"";s:4:""date"";s:29:""Mon, 22 Sep 2014 09:42:09 GMT"";s:10:""set-cookie"";s:36:""app-lb=1074069514.20480.0000; path=/"";}s:8:""_cookies"";a:1:{s:6:""app-lb"";a:2:{s:5:""value"";s:21:""1074069514.20480.0000"";s:4:""path"";s:1:""/"";}}s:12:""content_type"";s:8:""text/xml"";s:8:""raw_data"";s:550:""HTTP/1.1 200 OK
Server: Apache-Coyote/1.1
Pragma: no-cache
Cache-Control: no-cache, no-store
Expires: Mon, 22 Sep 2014 21:42:09 GMT
Content-Type: text/xml;charset=UTF-8
Content-Length: 265
Date: Mon, 22 Sep 2014 09:42:09 GMT
Set-Cookie: app-lb=1074069514.20480.0000; path=/

<?xml version=""1.0"" encoding=""UTF-8""?><methodResponse><params><param><value><struct><member><name>FirstName</name><value>Emeritus at Tucson</value></member><member><name>LastName</name><value>Child</value></member></struct></value></param></params></methodResponse>"";}",No,"No Error Code Received"
"2014-09-22 09:46:57",DataService.getAppSetting,"a:2:{i:0;O:9:""xmlrpcval"":3:{s:2:""me"";a:1:{s:6:""string"";s:6:""APIKEY"";}s:6:""mytype"";i:1;s:10:""_php_class"";N;}i:1;O:9:""xmlrpcval"":3:{s:2:""me"";a:1:{s:6:""string"";s:7:""enabled"";}s:6:""mytype"";i:1;s:10:""_php_class"";N;}}","0.23482600 1411379217","0.58441400 1411379217",0.349588,"O:10:""xmlrpcresp"":9:{s:3:""val"";s:3:""yes"";s:6:""valtyp"";s:7:""phpvals"";s:5:""errno"";i:0;s:6:""errstr"";s:0:"""";s:7:""payload"";N;s:4:""hdrs"";a:8:{s:6:""server"";s:17:""Apache-Coyote/1.1"";s:6:""pragma"";s:8:""no-cache"";s:13:""cache-control"";s:18:""no-cache, no-store"";s:7:""expires"";s:29:""Mon, 22 Sep 2014 21:42:11 GMT"";s:12:""content-type"";s:22:""text/xml;charset=UTF-8"";s:14:""content-length"";s:3:""121"";s:4:""date"";s:29:""Mon, 22 Sep 2014 09:42:11 GMT"";s:10:""set-cookie"";s:36:""app-lb=1074069514.20480.0000; path=/"";}s:8:""_cookies"";a:1:{s:6:""app-lb"";a:2:{s:5:""value"";s:21:""1074069514.20480.0000"";s:4:""path"";s:1:""/"";}}s:12:""content_type"";s:8:""text/xml"";s:8:""raw_data"";s:406:""HTTP/1.1 200 OK
Server: Apache-Coyote/1.1
Pragma: no-cache
Cache-Control: no-cache, no-store
Expires: Mon, 22 Sep 2014 21:42:11 GMT
Content-Type: text/xml;charset=UTF-8
Content-Length: 121
Date: Mon, 22 Sep 2014 09:42:11 GMT
Set-Cookie: app-lb=1074069514.20480.0000; path=/

<?xml version=""1.0"" encoding=""UTF-8""?><methodResponse><params><param><value>yes</value></param></params></methodResponse>"";}",No,"No Error Code Received"
"2014-09-22 09:46:57",DataService.findByField,"a:6:{i:0;O:9:""xmlrpcval"":3:{s:2:""me"";a:1:{s:6:""string"";s:6:""APIKEY"";}s:6:""mytype"";i:1;s:10:""_php_class"";N;}i:1;O:9:""xmlrpcval"":3:{s:2:""me"";a:1:{s:3:""int"";i:10;}s:6:""mytype"";i:1;s:10:""_php_class"";N;}i:2;O:9:""xmlrpcval"":3:{s:2:""me"";a:1:{s:3:""int"";i:0;}s:6:""mytype"";i:1;s:10:""_php_class"";N;}i:3;O:9:""xmlrpcval"":3:{s:2:""me"";a:1:{s:6:""string"";s:9:""FirstName"";}s:6:""mytype"";i:1;s:10:""_php_class"";N;}i:4;O:9:""xmlrpcval"":3:{s:2:""me"";a:1:{s:6:""string"";s:9:""Emeritus%"";}s:6:""mytype"";i:1;s:10:""_php_class"";N;}i:5;O:9:""xmlrpcval"":3:{s:2:""me"";a:1:{s:5:""array"";a:4:{i:0;O:9:""xmlrpcval"":3:{s:2:""me"";a:1:{s:6:""string"";s:2:""Id"";}s:6:""mytype"";i:1;s:10:""_php_class"";N;}i:1;O:9:""xmlrpcval"":3:{s:2:""me"";a:1:{s:6:""string"";s:9:""FirstName"";}s:6:""mytype"";i:1;s:10:""_php_class"";N;}i:2;O:9:""xmlrpcval"":3:{s:2:""me"";a:1:{s:6:""string"";s:8:""LastName"";}s:6:""mytype"";i:1;s:10:""_php_class"";N;}i:3;O:9:""xmlrpcval"":3:{s:2:""me"";a:1:{s:6:""string"";s:5:""Email"";}s:6:""mytype"";i:1;s:10:""_php_class"";N;}}}s:6:""mytype"";i:2;s:10:""_php_class"";N;}}","0.58482700 1411379217","0.63633100 1411379217",0.051504,"O:10:""xmlrpcresp"":9:{s:3:""val"";i:0;s:6:""valtyp"";N;s:5:""errno"";i:8;s:6:""errstr"";s:85:""CURL error: GnuTLS recv error (-9): A TLS packet with unexpected length was received."";s:7:""payload"";N;s:4:""hdrs"";a:0:{}s:8:""_cookies"";a:0:{}s:12:""content_type"";s:8:""text/xml"";s:8:""raw_data"";s:0:"""";}",Yes,"ERROR: 8 - CURL error: GnuTLS recv error (-9): A TLS packet with unexpected length was received."
"2014-09-22 09:46:58",DataService.getAppSetting,"a:2:{i:0;O:9:""xmlrpcval"":3:{s:2:""me"";a:1:{s:6:""string"";s:6:""APIKEY"";}s:6:""mytype"";i:1;s:10:""_php_class"";N;}i:1;O:9:""xmlrpcval"":3:{s:2:""me"";a:1:{s:6:""string"";s:7:""enabled"";}s:6:""mytype"";i:1;s:10:""_php_class"";N;}}","0.02490700 1411379218","0.31524500 1411379218",0.290338,"O:10:""xmlrpcresp"":9:{s:3:""val"";s:3:""yes"";s:6:""valtyp"";s:7:""phpvals"";s:5:""errno"";i:0;s:6:""errstr"";s:0:"""";s:7:""payload"";N;s:4:""hdrs"";a:8:{s:6:""server"";s:17:""Apache-Coyote/1.1"";s:6:""pragma"";s:8:""no-cache"";s:13:""cache-control"";s:18:""no-cache, no-store"";s:7:""expires"";s:29:""Mon, 22 Sep 2014 21:42:12 GMT"";s:12:""content-type"";s:22:""text/xml;charset=UTF-8"";s:14:""content-length"";s:3:""121"";s:4:""date"";s:29:""Mon, 22 Sep 2014 09:42:12 GMT"";s:10:""set-cookie"";s:36:""app-lb=1074069514.20480.0000; path=/"";}s:8:""_cookies"";a:1:{s:6:""app-lb"";a:2:{s:5:""value"";s:21:""1074069514.20480.0000"";s:4:""path"";s:1:""/"";}}s:12:""content_type"";s:8:""text/xml"";s:8:""raw_data"";s:406:""HTTP/1.1 200 OK
Server: Apache-Coyote/1.1
Pragma: no-cache
Cache-Control: no-cache, no-store
Expires: Mon, 22 Sep 2014 21:42:12 GMT
Content-Type: text/xml;charset=UTF-8
Content-Length: 121
Date: Mon, 22 Sep 2014 09:42:12 GMT
Set-Cookie: app-lb=1074069514.20480.0000; path=/

<?xml version=""1.0"" encoding=""UTF-8""?><methodResponse><params><param><value>yes</value></param></params></methodResponse>"";}",No,"No Error Code Received"
"2014-09-22 09:46:58",DataService.findByField,"a:6:{i:0;O:9:""xmlrpcval"":3:{s:2:""me"";a:1:{s:6:""string"";s:6:""APIKEY"";}s:6:""mytype"";i:1;s:10:""_php_class"";N;}i:1;O:9:""xmlrpcval"":3:{s:2:""me"";a:1:{s:3:""int"";i:10;}s:6:""mytype"";i:1;s:10:""_php_class"";N;}i:2;O:9:""xmlrpcval"":3:{s:2:""me"";a:1:{s:3:""int"";i:0;}s:6:""mytype"";i:1;s:10:""_php_class"";N;}i:3;O:9:""xmlrpcval"":3:{s:2:""me"";a:1:{s:6:""string"";s:9:""FirstName"";}s:6:""mytype"";i:1;s:10:""_php_class"";N;}i:4;O:9:""xmlrpcval"":3:{s:2:""me"";a:1:{s:6:""string"";s:9:""Emeritus%"";}s:6:""mytype"";i:1;s:10:""_php_class"";N;}i:5;O:9:""xmlrpcval"":3:{s:2:""me"";a:1:{s:5:""array"";a:4:{i:0;O:9:""xmlrpcval"":3:{s:2:""me"";a:1:{s:6:""string"";s:2:""Id"";}s:6:""mytype"";i:1;s:10:""_php_class"";N;}i:1;O:9:""xmlrpcval"":3:{s:2:""me"";a:1:{s:6:""string"";s:9:""FirstName"";}s:6:""mytype"";i:1;s:10:""_php_class"";N;}i:2;O:9:""xmlrpcval"":3:{s:2:""me"";a:1:{s:6:""string"";s:8:""LastName"";}s:6:""mytype"";i:1;s:10:""_php_class"";N;}i:3;O:9:""xmlrpcval"":3:{s:2:""me"";a:1:{s:6:""string"";s:5:""Email"";}s:6:""mytype"";i:1;s:10:""_php_class"";N;}}}s:6:""mytype"";i:2;s:10:""_php_class"";N;}}","0.31560200 1411379218","0.36687100 1411379218",0.051269,"O:10:""xmlrpcresp"":9:{s:3:""val"";i:0;s:6:""valtyp"";N;s:5:""errno"";i:8;s:6:""errstr"";s:85:""CURL error: GnuTLS recv error (-9): A TLS packet with unexpected length was received."";s:7:""payload"";N;s:4:""hdrs"";a:0:{}s:8:""_cookies"";a:0:{}s:12:""content_type"";s:8:""text/xml"";s:8:""raw_data"";s:0:"""";}",Yes,"ERROR: 8 - CURL error: GnuTLS recv error (-9): A TLS packet with unexpected length was received."
"2014-09-22 09:46:59",DataService.getAppSetting,"a:2:{i:0;O:9:""xmlrpcval"":3:{s:2:""me"";a:1:{s:6:""string"";s:6:""APIKEY"";}s:6:""mytype"";i:1;s:10:""_php_class"";N;}i:1;O:9:""xmlrpcval"":3:{s:2:""me"";a:1:{s:6:""string"";s:7:""enabled"";}s:6:""mytype"";i:1;s:10:""_php_class"";N;}}","0.69018300 1411379219","0.98674500 1411379219",0.296562,"O:10:""xmlrpcresp"":9:{s:3:""val"";s:3:""yes"";s:6:""valtyp"";s:7:""phpvals"";s:5:""errno"";i:0;s:6:""errstr"";s:0:"""";s:7:""payload"";N;s:4:""hdrs"";a:8:{s:6:""server"";s:17:""Apache-Coyote/1.1"";s:6:""pragma"";s:8:""no-cache"";s:13:""cache-control"";s:18:""no-cache, no-store"";s:7:""expires"";s:29:""Mon, 22 Sep 2014 21:42:14 GMT"";s:12:""content-type"";s:22:""text/xml;charset=UTF-8"";s:14:""content-length"";s:3:""121"";s:4:""date"";s:29:""Mon, 22 Sep 2014 09:42:14 GMT"";s:10:""set-cookie"";s:36:""app-lb=1074069514.20480.0000; path=/"";}s:8:""_cookies"";a:1:{s:6:""app-lb"";a:2:{s:5:""value"";s:21:""1074069514.20480.0000"";s:4:""path"";s:1:""/"";}}s:12:""content_type"";s:8:""text/xml"";s:8:""raw_data"";s:406:""HTTP/1.1 200 OK
Server: Apache-Coyote/1.1
Pragma: no-cache
Cache-Control: no-cache, no-store
Expires: Mon, 22 Sep 2014 21:42:14 GMT
Content-Type: text/xml;charset=UTF-8
Content-Length: 121
Date: Mon, 22 Sep 2014 09:42:14 GMT
Set-Cookie: app-lb=1074069514.20480.0000; path=/

<?xml version=""1.0"" encoding=""UTF-8""?><methodResponse><params><param><value>yes</value></param></params></methodResponse>"";}",No,"No Error Code Received"
"2014-09-22 09:47:00",DataService.findByField,"a:6:{i:0;O:9:""xmlrpcval"":3:{s:2:""me"";a:1:{s:6:""string"";s:6:""APIKEY"";}s:6:""mytype"";i:1;s:10:""_php_class"";N;}i:1;O:9:""xmlrpcval"":3:{s:2:""me"";a:1:{s:3:""int"";i:10;}s:6:""mytype"";i:1;s:10:""_php_class"";N;}i:2;O:9:""xmlrpcval"":3:{s:2:""me"";a:1:{s:3:""int"";i:0;}s:6:""mytype"";i:1;s:10:""_php_class"";N;}i:3;O:9:""xmlrpcval"":3:{s:2:""me"";a:1:{s:6:""string"";s:9:""FirstName"";}s:6:""mytype"";i:1;s:10:""_php_class"";N;}i:4;O:9:""xmlrpcval"":3:{s:2:""me"";a:1:{s:6:""string"";s:8:""Emeritu%"";}s:6:""mytype"";i:1;s:10:""_php_class"";N;}i:5;O:9:""xmlrpcval"":3:{s:2:""me"";a:1:{s:5:""array"";a:4:{i:0;O:9:""xmlrpcval"":3:{s:2:""me"";a:1:{s:6:""string"";s:2:""Id"";}s:6:""mytype"";i:1;s:10:""_php_class"";N;}i:1;O:9:""xmlrpcval"":3:{s:2:""me"";a:1:{s:6:""string"";s:9:""FirstName"";}s:6:""mytype"";i:1;s:10:""_php_class"";N;}i:2;O:9:""xmlrpcval"":3:{s:2:""me"";a:1:{s:6:""string"";s:8:""LastName"";}s:6:""mytype"";i:1;s:10:""_php_class"";N;}i:3;O:9:""xmlrpcval"":3:{s:2:""me"";a:1:{s:6:""string"";s:5:""Email"";}s:6:""mytype"";i:1;s:10:""_php_class"";N;}}}s:6:""mytype"";i:2;s:10:""_php_class"";N;}}","0.00936100 1411379220","0.06252400 1411379220",0.053163,"O:10:""xmlrpcresp"":9:{s:3:""val"";i:0;s:6:""valtyp"";N;s:5:""errno"";i:8;s:6:""errstr"";s:85:""CURL error: GnuTLS recv error (-9): A TLS packet with unexpected length was received."";s:7:""payload"";N;s:4:""hdrs"";a:0:{}s:8:""_cookies"";a:0:{}s:12:""content_type"";s:8:""text/xml"";s:8:""raw_data"";s:0:"""";}",Yes,"ERROR: 8 - CURL error: GnuTLS recv error (-9): A TLS packet with unexpected length was received."
"2014-09-22 09:47:00",DataService.getAppSetting,"a:2:{i:0;O:9:""xmlrpcval"":3:{s:2:""me"";a:1:{s:6:""string"";s:6:""APIKEY"";}s:6:""mytype"";i:1;s:10:""_php_class"";N;}i:1;O:9:""xmlrpcval"":3:{s:2:""me"";a:1:{s:6:""string"";s:7:""enabled"";}s:6:""mytype"";i:1;s:10:""_php_class"";N;}}","0.25070300 1411379220","0.55321800 1411379220",0.302515,"O:10:""xmlrpcresp"":9:{s:3:""val"";s:3:""yes"";s:6:""valtyp"";s:7:""phpvals"";s:5:""errno"";i:0;s:6:""errstr"";s:0:"""";s:7:""payload"";N;s:4:""hdrs"";a:8:{s:6:""server"";s:17:""Apache-Coyote/1.1"";s:6:""pragma"";s:8:""no-cache"";s:13:""cache-control"";s:18:""no-cache, no-store"";s:7:""expires"";s:29:""Mon, 22 Sep 2014 21:42:14 GMT"";s:12:""content-type"";s:22:""text/xml;charset=UTF-8"";s:14:""content-length"";s:3:""121"";s:4:""date"";s:29:""Mon, 22 Sep 2014 09:42:14 GMT"";s:10:""set-cookie"";s:36:""app-lb=1074069514.20480.0000; path=/"";}s:8:""_cookies"";a:1:{s:6:""app-lb"";a:2:{s:5:""value"";s:21:""1074069514.20480.0000"";s:4:""path"";s:1:""/"";}}s:12:""content_type"";s:8:""text/xml"";s:8:""raw_data"";s:406:""HTTP/1.1 200 OK
Server: Apache-Coyote/1.1
Pragma: no-cache
Cache-Control: no-cache, no-store
Expires: Mon, 22 Sep 2014 21:42:14 GMT
Content-Type: text/xml;charset=UTF-8
Content-Length: 121
Date: Mon, 22 Sep 2014 09:42:14 GMT
Set-Cookie: app-lb=1074069514.20480.0000; path=/

<?xml version=""1.0"" encoding=""UTF-8""?><methodResponse><params><param><value>yes</value></param></params></methodResponse>"";}",No,"No Error Code Received"
"2014-09-22 09:47:00",DataService.findByField,"a:6:{i:0;O:9:""xmlrpcval"":3:{s:2:""me"";a:1:{s:6:""string"";s:6:""APIKEY"";}s:6:""mytype"";i:1;s:10:""_php_class"";N;}i:1;O:9:""xmlrpcval"":3:{s:2:""me"";a:1:{s:3:""int"";i:10;}s:6:""mytype"";i:1;s:10:""_php_class"";N;}i:2;O:9:""xmlrpcval"":3:{s:2:""me"";a:1:{s:3:""int"";i:0;}s:6:""mytype"";i:1;s:10:""_php_class"";N;}i:3;O:9:""xmlrpcval"":3:{s:2:""me"";a:1:{s:6:""string"";s:9:""FirstName"";}s:6:""mytype"";i:1;s:10:""_php_class"";N;}i:4;O:9:""xmlrpcval"":3:{s:2:""me"";a:1:{s:6:""string"";s:8:""Emeritu%"";}s:6:""mytype"";i:1;s:10:""_php_class"";N;}i:5;O:9:""xmlrpcval"":3:{s:2:""me"";a:1:{s:5:""array"";a:4:{i:0;O:9:""xmlrpcval"":3:{s:2:""me"";a:1:{s:6:""string"";s:2:""Id"";}s:6:""mytype"";i:1;s:10:""_php_class"";N;}i:1;O:9:""xmlrpcval"":3:{s:2:""me"";a:1:{s:6:""string"";s:9:""FirstName"";}s:6:""mytype"";i:1;s:10:""_php_class"";N;}i:2;O:9:""xmlrpcval"":3:{s:2:""me"";a:1:{s:6:""string"";s:8:""LastName"";}s:6:""mytype"";i:1;s:10:""_php_class"";N;}i:3;O:9:""xmlrpcval"":3:{s:2:""me"";a:1:{s:6:""string"";s:5:""Email"";}s:6:""mytype"";i:1;s:10:""_php_class"";N;}}}s:6:""mytype"";i:2;s:10:""_php_class"";N;}}","0.55356600 1411379220","0.60754200 1411379220",0.053976,"O:10:""xmlrpcresp"":9:{s:3:""val"";i:0;s:6:""valtyp"";N;s:5:""errno"";i:8;s:6:""errstr"";s:85:""CURL error: GnuTLS recv error (-9): A TLS packet with unexpected length was received."";s:7:""payload"";N;s:4:""hdrs"";a:0:{}s:8:""_cookies"";a:0:{}s:12:""content_type"";s:8:""text/xml"";s:8:""raw_data"";s:0:"""";}",Yes,"ERROR: 8 - CURL error: GnuTLS recv error (-9): A TLS packet with unexpected length was received."
"2014-09-22 09:47:00",DataService.getAppSetting,"a:2:{i:0;O:9:""xmlrpcval"":3:{s:2:""me"";a:1:{s:6:""string"";s:6:""APIKEY"";}s:6:""mytype"";i:1;s:10:""_php_class"";N;}i:1;O:9:""xmlrpcval"":3:{s:2:""me"";a:1:{s:6:""string"";s:7:""enabled"";}s:6:""mytype"";i:1;s:10:""_php_class"";N;}}","0.71845600 1411379220","0.02470300 1411379221",-0.693753,"O:10:""xmlrpcresp"":9:{s:3:""val"";s:3:""yes"";s:6:""valtyp"";s:7:""phpvals"";s:5:""errno"";i:0;s:6:""errstr"";s:0:"""";s:7:""payload"";N;s:4:""hdrs"";a:8:{s:6:""server"";s:17:""Apache-Coyote/1.1"";s:6:""pragma"";s:8:""no-cache"";s:13:""cache-control"";s:18:""no-cache, no-store"";s:7:""expires"";s:29:""Mon, 22 Sep 2014 21:42:15 GMT"";s:12:""content-type"";s:22:""text/xml;charset=UTF-8"";s:14:""content-length"";s:3:""121"";s:4:""date"";s:29:""Mon, 22 Sep 2014 09:42:15 GMT"";s:10:""set-cookie"";s:36:""app-lb=1074069514.20480.0000; path=/"";}s:8:""_cookies"";a:1:{s:6:""app-lb"";a:2:{s:5:""value"";s:21:""1074069514.20480.0000"";s:4:""path"";s:1:""/"";}}s:12:""content_type"";s:8:""text/xml"";s:8:""raw_data"";s:406:""HTTP/1.1 200 OK
Server: Apache-Coyote/1.1
Pragma: no-cache
Cache-Control: no-cache, no-store
Expires: Mon, 22 Sep 2014 21:42:15 GMT
Content-Type: text/xml;charset=UTF-8
Content-Length: 121
Date: Mon, 22 Sep 2014 09:42:15 GMT
Set-Cookie: app-lb=1074069514.20480.0000; path=/

<?xml version=""1.0"" encoding=""UTF-8""?><methodResponse><params><param><value>yes</value></param></params></methodResponse>"";}",No,"No Error Code Received"
"2014-09-22 09:47:01",DataService.findByField,"a:6:{i:0;O:9:""xmlrpcval"":3:{s:2:""me"";a:1:{s:6:""string"";s:6:""APIKEY"";}s:6:""mytype"";i:1;s:10:""_php_class"";N;}i:1;O:9:""xmlrpcval"":3:{s:2:""me"";a:1:{s:3:""int"";i:10;}s:6:""mytype"";i:1;s:10:""_php_class"";N;}i:2;O:9:""xmlrpcval"":3:{s:2:""me"";a:1:{s:3:""int"";i:0;}s:6:""mytype"";i:1;s:10:""_php_class"";N;}i:3;O:9:""xmlrpcval"":3:{s:2:""me"";a:1:{s:6:""string"";s:9:""FirstName"";}s:6:""mytype"";i:1;s:10:""_php_class"";N;}i:4;O:9:""xmlrpcval"":3:{s:2:""me"";a:1:{s:6:""string"";s:8:""Emeritu%"";}s:6:""mytype"";i:1;s:10:""_php_class"";N;}i:5;O:9:""xmlrpcval"":3:{s:2:""me"";a:1:{s:5:""array"";a:4:{i:0;O:9:""xmlrpcval"":3:{s:2:""me"";a:1:{s:6:""string"";s:2:""Id"";}s:6:""mytype"";i:1;s:10:""_php_class"";N;}i:1;O:9:""xmlrpcval"":3:{s:2:""me"";a:1:{s:6:""string"";s:9:""FirstName"";}s:6:""mytype"";i:1;s:10:""_php_class"";N;}i:2;O:9:""xmlrpcval"":3:{s:2:""me"";a:1:{s:6:""string"";s:8:""LastName"";}s:6:""mytype"";i:1;s:10:""_php_class"";N;}i:3;O:9:""xmlrpcval"":3:{s:2:""me"";a:1:{s:6:""string"";s:5:""Email"";}s:6:""mytype"";i:1;s:10:""_php_class"";N;}}}s:6:""mytype"";i:2;s:10:""_php_class"";N;}}","0.02507400 1411379221","0.07838500 1411379221",0.053311,"O:10:""xmlrpcresp"":9:{s:3:""val"";i:0;s:6:""valtyp"";N;s:5:""errno"";i:8;s:6:""errstr"";s:85:""CURL error: GnuTLS recv error (-9): A TLS packet with unexpected length was received."";s:7:""payload"";N;s:4:""hdrs"";a:0:{}s:8:""_cookies"";a:0:{}s:12:""content_type"";s:8:""text/xml"";s:8:""raw_data"";s:0:"""";}",Yes,"ERROR: 8 - CURL error: GnuTLS recv error (-9): A TLS packet with unexpected length was received."
"2014-09-22 09:47:04",DataService.getAppSetting,"a:2:{i:0;O:9:""xmlrpcval"":3:{s:2:""me"";a:1:{s:6:""string"";s:6:""APIKEY"";}s:6:""mytype"";i:1;s:10:""_php_class"";N;}i:1;O:9:""xmlrpcval"":3:{s:2:""me"";a:1:{s:6:""string"";s:7:""enabled"";}s:6:""mytype"";i:1;s:10:""_php_class"";N;}}","0.19817200 1411379224","0.62612100 1411379224",0.427949,"O:10:""xmlrpcresp"":9:{s:3:""val"";s:3:""yes"";s:6:""valtyp"";s:7:""phpvals"";s:5:""errno"";i:0;s:6:""errstr"";s:0:"""";s:7:""payload"";N;s:4:""hdrs"";a:8:{s:6:""server"";s:17:""Apache-Coyote/1.1"";s:6:""pragma"";s:8:""no-cache"";s:13:""cache-control"";s:18:""no-cache, no-store"";s:7:""expires"";s:29:""Mon, 22 Sep 2014 21:42:19 GMT"";s:12:""content-type"";s:22:""text/xml;charset=UTF-8"";s:14:""content-length"";s:3:""121"";s:4:""date"";s:29:""Mon, 22 Sep 2014 09:42:19 GMT"";s:10:""set-cookie"";s:36:""app-lb=1074069514.20480.0000; path=/"";}s:8:""_cookies"";a:1:{s:6:""app-lb"";a:2:{s:5:""value"";s:21:""1074069514.20480.0000"";s:4:""path"";s:1:""/"";}}s:12:""content_type"";s:8:""text/xml"";s:8:""raw_data"";s:406:""HTTP/1.1 200 OK
Server: Apache-Coyote/1.1
Pragma: no-cache
Cache-Control: no-cache, no-store
Expires: Mon, 22 Sep 2014 21:42:19 GMT
Content-Type: text/xml;charset=UTF-8
Content-Length: 121
Date: Mon, 22 Sep 2014 09:42:19 GMT
Set-Cookie: app-lb=1074069514.20480.0000; path=/

<?xml version=""1.0"" encoding=""UTF-8""?><methodResponse><params><param><value>yes</value></param></params></methodResponse>"";}",No,"No Error Code Received"
"2014-09-22 09:47:04",DataService.getAppSetting,"a:2:{i:0;O:9:""xmlrpcval"":3:{s:2:""me"";a:1:{s:6:""string"";s:6:""APIKEY"";}s:6:""mytype"";i:1;s:10:""_php_class"";N;}i:1;O:9:""xmlrpcval"":3:{s:2:""me"";a:1:{s:6:""string"";s:7:""enabled"";}s:6:""mytype"";i:1;s:10:""_php_class"";N;}}","0.25152300 1411379224","0.64889000 1411379224",0.397367,"O:10:""xmlrpcresp"":9:{s:3:""val"";s:3:""yes"";s:6:""valtyp"";s:7:""phpvals"";s:5:""errno"";i:0;s:6:""errstr"";s:0:"""";s:7:""payload"";N;s:4:""hdrs"";a:8:{s:6:""server"";s:17:""Apache-Coyote/1.1"";s:6:""pragma"";s:8:""no-cache"";s:13:""cache-control"";s:18:""no-cache, no-store"";s:7:""expires"";s:29:""Mon, 22 Sep 2014 21:42:19 GMT"";s:12:""content-type"";s:22:""text/xml;charset=UTF-8"";s:14:""content-length"";s:3:""121"";s:4:""date"";s:29:""Mon, 22 Sep 2014 09:42:19 GMT"";s:10:""set-cookie"";s:36:""app-lb=1074069514.20480.0000; path=/"";}s:8:""_cookies"";a:1:{s:6:""app-lb"";a:2:{s:5:""value"";s:21:""1074069514.20480.0000"";s:4:""path"";s:1:""/"";}}s:12:""content_type"";s:8:""text/xml"";s:8:""raw_data"";s:406:""HTTP/1.1 200 OK
Server: Apache-Coyote/1.1
Pragma: no-cache
Cache-Control: no-cache, no-store
Expires: Mon, 22 Sep 2014 21:42:19 GMT
Content-Type: text/xml;charset=UTF-8
Content-Length: 121
Date: Mon, 22 Sep 2014 09:42:19 GMT
Set-Cookie: app-lb=1074069514.20480.0000; path=/

<?xml version=""1.0"" encoding=""UTF-8""?><methodResponse><params><param><value>yes</value></param></params></methodResponse>"";}",No,"No Error Code Received"
"2014-09-22 09:47:04",DataService.findByField,"a:6:{i:0;O:9:""xmlrpcval"":3:{s:2:""me"";a:1:{s:6:""string"";s:6:""APIKEY"";}s:6:""mytype"";i:1;s:10:""_php_class"";N;}i:1;O:9:""xmlrpcval"":3:{s:2:""me"";a:1:{s:3:""int"";i:10;}s:6:""mytype"";i:1;s:10:""_php_class"";N;}i:2;O:9:""xmlrpcval"":3:{s:2:""me"";a:1:{s:3:""int"";i:0;}s:6:""mytype"";i:1;s:10:""_php_class"";N;}i:3;O:9:""xmlrpcval"":3:{s:2:""me"";a:1:{s:6:""string"";s:9:""FirstName"";}s:6:""mytype"";i:1;s:10:""_php_class"";N;}i:4;O:9:""xmlrpcval"":3:{s:2:""me"";a:1:{s:6:""string"";s:2:""e%"";}s:6:""mytype"";i:1;s:10:""_php_class"";N;}i:5;O:9:""xmlrpcval"":3:{s:2:""me"";a:1:{s:5:""array"";a:4:{i:0;O:9:""xmlrpcval"":3:{s:2:""me"";a:1:{s:6:""string"";s:2:""Id"";}s:6:""mytype"";i:1;s:10:""_php_class"";N;}i:1;O:9:""xmlrpcval"":3:{s:2:""me"";a:1:{s:6:""string"";s:9:""FirstName"";}s:6:""mytype"";i:1;s:10:""_php_class"";N;}i:2;O:9:""xmlrpcval"":3:{s:2:""me"";a:1:{s:6:""string"";s:8:""LastName"";}s:6:""mytype"";i:1;s:10:""_php_class"";N;}i:3;O:9:""xmlrpcval"":3:{s:2:""me"";a:1:{s:6:""string"";s:5:""Email"";}s:6:""mytype"";i:1;s:10:""_php_class"";N;}}}s:6:""mytype"";i:2;s:10:""_php_class"";N;}}","0.62647800 1411379224","0.68063200 1411379224",0.054154,"O:10:""xmlrpcresp"":9:{s:3:""val"";i:0;s:6:""valtyp"";N;s:5:""errno"";i:8;s:6:""errstr"";s:85:""CURL error: GnuTLS recv error (-9): A TLS packet with unexpected length was received."";s:7:""payload"";N;s:4:""hdrs"";a:0:{}s:8:""_cookies"";a:0:{}s:12:""content_type"";s:8:""text/xml"";s:8:""raw_data"";s:0:"""";}",Yes,"ERROR: 8 - CURL error: GnuTLS recv error (-9): A TLS packet with unexpected length was received."
"2014-09-22 09:47:04",DataService.findByField,"a:6:{i:0;O:9:""xmlrpcval"":3:{s:2:""me"";a:1:{s:6:""string"";s:6:""APIKEY"";}s:6:""mytype"";i:1;s:10:""_php_class"";N;}i:1;O:9:""xmlrpcval"":3:{s:2:""me"";a:1:{s:3:""int"";i:10;}s:6:""mytype"";i:1;s:10:""_php_class"";N;}i:2;O:9:""xmlrpcval"":3:{s:2:""me"";a:1:{s:3:""int"";i:0;}s:6:""mytype"";i:1;s:10:""_php_class"";N;}i:3;O:9:""xmlrpcval"":3:{s:2:""me"";a:1:{s:6:""string"";s:9:""FirstName"";}s:6:""mytype"";i:1;s:10:""_php_class"";N;}i:4;O:9:""xmlrpcval"":3:{s:2:""me"";a:1:{s:6:""string"";s:9:""Emeritus%"";}s:6:""mytype"";i:1;s:10:""_php_class"";N;}i:5;O:9:""xmlrpcval"":3:{s:2:""me"";a:1:{s:5:""array"";a:4:{i:0;O:9:""xmlrpcval"":3:{s:2:""me"";a:1:{s:6:""string"";s:2:""Id"";}s:6:""mytype"";i:1;s:10:""_php_class"";N;}i:1;O:9:""xmlrpcval"":3:{s:2:""me"";a:1:{s:6:""string"";s:9:""FirstName"";}s:6:""mytype"";i:1;s:10:""_php_class"";N;}i:2;O:9:""xmlrpcval"":3:{s:2:""me"";a:1:{s:6:""string"";s:8:""LastName"";}s:6:""mytype"";i:1;s:10:""_php_class"";N;}i:3;O:9:""xmlrpcval"":3:{s:2:""me"";a:1:{s:6:""string"";s:5:""Email"";}s:6:""mytype"";i:1;s:10:""_php_class"";N;}}}s:6:""mytype"";i:2;s:10:""_php_class"";N;}}","0.64925300 1411379224","0.70107300 1411379224",0.05182,"O:10:""xmlrpcresp"":9:{s:3:""val"";i:0;s:6:""valtyp"";N;s:5:""errno"";i:8;s:6:""errstr"";s:85:""CURL error: GnuTLS recv error (-9): A TLS packet with unexpected length was received."";s:7:""payload"";N;s:4:""hdrs"";a:0:{}s:8:""_cookies"";a:0:{}s:12:""content_type"";s:8:""text/xml"";s:8:""raw_data"";s:0:"""";}",Yes,"ERROR: 8 - CURL error: GnuTLS recv error (-9): A TLS packet with unexpected length was received."
"2014-09-22 09:47:04",DataService.getAppSetting,"a:2:{i:0;O:9:""xmlrpcval"":3:{s:2:""me"";a:1:{s:6:""string"";s:6:""APIKEY"";}s:6:""mytype"";i:1;s:10:""_php_class"";N;}i:1;O:9:""xmlrpcval"":3:{s:2:""me"";a:1:{s:6:""string"";s:7:""enabled"";}s:6:""mytype"";i:1;s:10:""_php_class"";N;}}","0.56276100 1411379224","0.89664100 1411379224",0.33388,"O:10:""xmlrpcresp"":9:{s:3:""val"";s:3:""yes"";s:6:""valtyp"";s:7:""phpvals"";s:5:""errno"";i:0;s:6:""errstr"";s:0:"""";s:7:""payload"";N;s:4:""hdrs"";a:8:{s:6:""server"";s:17:""Apache-Coyote/1.1"";s:6:""pragma"";s:8:""no-cache"";s:13:""cache-control"";s:18:""no-cache, no-store"";s:7:""expires"";s:29:""Mon, 22 Sep 2014 21:42:19 GMT"";s:12:""content-type"";s:22:""text/xml;charset=UTF-8"";s:14:""content-length"";s:3:""121"";s:4:""date"";s:29:""Mon, 22 Sep 2014 09:42:19 GMT"";s:10:""set-cookie"";s:36:""app-lb=1074069514.20480.0000; path=/"";}s:8:""_cookies"";a:1:{s:6:""app-lb"";a:2:{s:5:""value"";s:21:""1074069514.20480.0000"";s:4:""path"";s:1:""/"";}}s:12:""content_type"";s:8:""text/xml"";s:8:""raw_data"";s:406:""HTTP/1.1 200 OK
Server: Apache-Coyote/1.1
Pragma: no-cache
Cache-Control: no-cache, no-store
Expires: Mon, 22 Sep 2014 21:42:19 GMT
Content-Type: text/xml;charset=UTF-8
Content-Length: 121
Date: Mon, 22 Sep 2014 09:42:19 GMT
Set-Cookie: app-lb=1074069514.20480.0000; path=/

<?xml version=""1.0"" encoding=""UTF-8""?><methodResponse><params><param><value>yes</value></param></params></methodResponse>"";}",No,"No Error Code Received"
"2014-09-22 09:47:04",DataService.findByField,"a:6:{i:0;O:9:""xmlrpcval"":3:{s:2:""me"";a:1:{s:6:""string"";s:6:""APIKEY"";}s:6:""mytype"";i:1;s:10:""_php_class"";N;}i:1;O:9:""xmlrpcval"":3:{s:2:""me"";a:1:{s:3:""int"";i:10;}s:6:""mytype"";i:1;s:10:""_php_class"";N;}i:2;O:9:""xmlrpcval"":3:{s:2:""me"";a:1:{s:3:""int"";i:0;}s:6:""mytype"";i:1;s:10:""_php_class"";N;}i:3;O:9:""xmlrpcval"":3:{s:2:""me"";a:1:{s:6:""string"";s:9:""FirstName"";}s:6:""mytype"";i:1;s:10:""_php_class"";N;}i:4;O:9:""xmlrpcval"":3:{s:2:""me"";a:1:{s:6:""string"";s:3:""em%"";}s:6:""mytype"";i:1;s:10:""_php_class"";N;}i:5;O:9:""xmlrpcval"":3:{s:2:""me"";a:1:{s:5:""array"";a:4:{i:0;O:9:""xmlrpcval"":3:{s:2:""me"";a:1:{s:6:""string"";s:2:""Id"";}s:6:""mytype"";i:1;s:10:""_php_class"";N;}i:1;O:9:""xmlrpcval"":3:{s:2:""me"";a:1:{s:6:""string"";s:9:""FirstName"";}s:6:""mytype"";i:1;s:10:""_php_class"";N;}i:2;O:9:""xmlrpcval"":3:{s:2:""me"";a:1:{s:6:""string"";s:8:""LastName"";}s:6:""mytype"";i:1;s:10:""_php_class"";N;}i:3;O:9:""xmlrpcval"":3:{s:2:""me"";a:1:{s:6:""string"";s:5:""Email"";}s:6:""mytype"";i:1;s:10:""_php_class"";N;}}}s:6:""mytype"";i:2;s:10:""_php_class"";N;}}","0.89698800 1411379224","0.94970400 1411379224",0.052716,"O:10:""xmlrpcresp"":9:{s:3:""val"";i:0;s:6:""valtyp"";N;s:5:""errno"";i:8;s:6:""errstr"";s:85:""CURL error: GnuTLS recv error (-9): A TLS packet with unexpected length was received."";s:7:""payload"";N;s:4:""hdrs"";a:0:{}s:8:""_cookies"";a:0:{}s:12:""content_type"";s:8:""text/xml"";s:8:""raw_data"";s:0:"""";}",Yes,"ERROR: 8 - CURL error: GnuTLS recv error (-9): A TLS packet with unexpected length was received."
"2014-09-22 09:47:04",DataService.getAppSetting,"a:2:{i:0;O:9:""xmlrpcval"":3:{s:2:""me"";a:1:{s:6:""string"";s:6:""APIKEY"";}s:6:""mytype"";i:1;s:10:""_php_class"";N;}i:1;O:9:""xmlrpcval"":3:{s:2:""me"";a:1:{s:6:""string"";s:7:""enabled"";}s:6:""mytype"";i:1;s:10:""_php_class"";N;}}","0.68314200 1411379224","0.08547400 1411379225",-0.597668,"O:10:""xmlrpcresp"":9:{s:3:""val"";s:3:""yes"";s:6:""valtyp"";s:7:""phpvals"";s:5:""errno"";i:0;s:6:""errstr"";s:0:"""";s:7:""payload"";N;s:4:""hdrs"";a:8:{s:6:""server"";s:17:""Apache-Coyote/1.1"";s:6:""pragma"";s:8:""no-cache"";s:13:""cache-control"";s:18:""no-cache, no-store"";s:7:""expires"";s:29:""Mon, 22 Sep 2014 21:42:19 GMT"";s:12:""content-type"";s:22:""text/xml;charset=UTF-8"";s:14:""content-length"";s:3:""121"";s:4:""date"";s:29:""Mon, 22 Sep 2014 09:42:19 GMT"";s:10:""set-cookie"";s:36:""app-lb=1074069514.20480.0000; path=/"";}s:8:""_cookies"";a:1:{s:6:""app-lb"";a:2:{s:5:""value"";s:21:""1074069514.20480.0000"";s:4:""path"";s:1:""/"";}}s:12:""content_type"";s:8:""text/xml"";s:8:""raw_data"";s:406:""HTTP/1.1 200 OK
Server: Apache-Coyote/1.1
Pragma: no-cache
Cache-Control: no-cache, no-store
Expires: Mon, 22 Sep 2014 21:42:19 GMT
Content-Type: text/xml;charset=UTF-8
Content-Length: 121
Date: Mon, 22 Sep 2014 09:42:19 GMT
Set-Cookie: app-lb=1074069514.20480.0000; path=/

<?xml version=""1.0"" encoding=""UTF-8""?><methodResponse><params><param><value>yes</value></param></params></methodResponse>"";}",No,"No Error Code Received"
"2014-09-22 09:47:04",DataService.getAppSetting,"a:2:{i:0;O:9:""xmlrpcval"":3:{s:2:""me"";a:1:{s:6:""string"";s:6:""APIKEY"";}s:6:""mytype"";i:1;s:10:""_php_class"";N;}i:1;O:9:""xmlrpcval"":3:{s:2:""me"";a:1:{s:6:""string"";s:7:""enabled"";}s:6:""mytype"";i:1;s:10:""_php_class"";N;}}","0.70320300 1411379224","0.10175400 1411379225",-0.601449,"O:10:""xmlrpcresp"":9:{s:3:""val"";s:3:""yes"";s:6:""valtyp"";s:7:""phpvals"";s:5:""errno"";i:0;s:6:""errstr"";s:0:"""";s:7:""payload"";N;s:4:""hdrs"";a:8:{s:6:""server"";s:17:""Apache-Coyote/1.1"";s:6:""pragma"";s:8:""no-cache"";s:13:""cache-control"";s:18:""no-cache, no-store"";s:7:""expires"";s:29:""Mon, 22 Sep 2014 21:42:19 GMT"";s:12:""content-type"";s:22:""text/xml;charset=UTF-8"";s:14:""content-length"";s:3:""121"";s:4:""date"";s:29:""Mon, 22 Sep 2014 09:42:19 GMT"";s:10:""set-cookie"";s:36:""app-lb=1074069514.20480.0000; path=/"";}s:8:""_cookies"";a:1:{s:6:""app-lb"";a:2:{s:5:""value"";s:21:""1074069514.20480.0000"";s:4:""path"";s:1:""/"";}}s:12:""content_type"";s:8:""text/xml"";s:8:""raw_data"";s:406:""HTTP/1.1 200 OK
Server: Apache-Coyote/1.1
Pragma: no-cache
Cache-Control: no-cache, no-store
Expires: Mon, 22 Sep 2014 21:42:19 GMT
Content-Type: text/xml;charset=UTF-8
Content-Length: 121
Date: Mon, 22 Sep 2014 09:42:19 GMT
Set-Cookie: app-lb=1074069514.20480.0000; path=/

<?xml version=""1.0"" encoding=""UTF-8""?><methodResponse><params><param><value>yes</value></param></params></methodResponse>"";}",No,"No Error Code Received"
"2014-09-22 09:47:05",DataService.findByField,"a:6:{i:0;O:9:""xmlrpcval"":3:{s:2:""me"";a:1:{s:6:""string"";s:6:""APIKEY"";}s:6:""mytype"";i:1;s:10:""_php_class"";N;}i:1;O:9:""xmlrpcval"":3:{s:2:""me"";a:1:{s:3:""int"";i:10;}s:6:""mytype"";i:1;s:10:""_php_class"";N;}i:2;O:9:""xmlrpcval"":3:{s:2:""me"";a:1:{s:3:""int"";i:0;}s:6:""mytype"";i:1;s:10:""_php_class"";N;}i:3;O:9:""xmlrpcval"":3:{s:2:""me"";a:1:{s:6:""string"";s:9:""FirstName"";}s:6:""mytype"";i:1;s:10:""_php_class"";N;}i:4;O:9:""xmlrpcval"":3:{s:2:""me"";a:1:{s:6:""string"";s:5:""emer%"";}s:6:""mytype"";i:1;s:10:""_php_class"";N;}i:5;O:9:""xmlrpcval"":3:{s:2:""me"";a:1:{s:5:""array"";a:4:{i:0;O:9:""xmlrpcval"":3:{s:2:""me"";a:1:{s:6:""string"";s:2:""Id"";}s:6:""mytype"";i:1;s:10:""_php_class"";N;}i:1;O:9:""xmlrpcval"":3:{s:2:""me"";a:1:{s:6:""string"";s:9:""FirstName"";}s:6:""mytype"";i:1;s:10:""_php_class"";N;}i:2;O:9:""xmlrpcval"":3:{s:2:""me"";a:1:{s:6:""string"";s:8:""LastName"";}s:6:""mytype"";i:1;s:10:""_php_class"";N;}i:3;O:9:""xmlrpcval"":3:{s:2:""me"";a:1:{s:6:""string"";s:5:""Email"";}s:6:""mytype"";i:1;s:10:""_php_class"";N;}}}s:6:""mytype"";i:2;s:10:""_php_class"";N;}}","0.08585000 1411379225","0.13813000 1411379225",0.05228,"O:10:""xmlrpcresp"":9:{s:3:""val"";i:0;s:6:""valtyp"";N;s:5:""errno"";i:8;s:6:""errstr"";s:85:""CURL error: GnuTLS recv error (-9): A TLS packet with unexpected length was received."";s:7:""payload"";N;s:4:""hdrs"";a:0:{}s:8:""_cookies"";a:0:{}s:12:""content_type"";s:8:""text/xml"";s:8:""raw_data"";s:0:"""";}",Yes,"ERROR: 8 - CURL error: GnuTLS recv error (-9): A TLS packet with unexpected length was received."
"2014-09-22 09:47:05",DataService.findByField,"a:6:{i:0;O:9:""xmlrpcval"":3:{s:2:""me"";a:1:{s:6:""string"";s:6:""APIKEY"";}s:6:""mytype"";i:1;s:10:""_php_class"";N;}i:1;O:9:""xmlrpcval"":3:{s:2:""me"";a:1:{s:3:""int"";i:10;}s:6:""mytype"";i:1;s:10:""_php_class"";N;}i:2;O:9:""xmlrpcval"":3:{s:2:""me"";a:1:{s:3:""int"";i:0;}s:6:""mytype"";i:1;s:10:""_php_class"";N;}i:3;O:9:""xmlrpcval"":3:{s:2:""me"";a:1:{s:6:""string"";s:9:""FirstName"";}s:6:""mytype"";i:1;s:10:""_php_class"";N;}i:4;O:9:""xmlrpcval"":3:{s:2:""me"";a:1:{s:6:""string"";s:6:""emeri%"";}s:6:""mytype"";i:1;s:10:""_php_class"";N;}i:5;O:9:""xmlrpcval"":3:{s:2:""me"";a:1:{s:5:""array"";a:4:{i:0;O:9:""xmlrpcval"":3:{s:2:""me"";a:1:{s:6:""string"";s:2:""Id"";}s:6:""mytype"";i:1;s:10:""_php_class"";N;}i:1;O:9:""xmlrpcval"":3:{s:2:""me"";a:1:{s:6:""string"";s:9:""FirstName"";}s:6:""mytype"";i:1;s:10:""_php_class"";N;}i:2;O:9:""xmlrpcval"":3:{s:2:""me"";a:1:{s:6:""string"";s:8:""LastName"";}s:6:""mytype"";i:1;s:10:""_php_class"";N;}i:3;O:9:""xmlrpcval"":3:{s:2:""me"";a:1:{s:6:""string"";s:5:""Email"";}s:6:""mytype"";i:1;s:10:""_php_class"";N;}}}s:6:""mytype"";i:2;s:10:""_php_class"";N;}}","0.10210100 1411379225","0.15603800 1411379225",0.053937,"O:10:""xmlrpcresp"":9:{s:3:""val"";i:0;s:6:""valtyp"";N;s:5:""errno"";i:8;s:6:""errstr"";s:85:""CURL error: GnuTLS recv error (-9): A TLS packet with unexpected length was received."";s:7:""payload"";N;s:4:""hdrs"";a:0:{}s:8:""_cookies"";a:0:{}s:12:""content_type"";s:8:""text/xml"";s:8:""raw_data"";s:0:"""";}",Yes,"ERROR: 8 - CURL error: GnuTLS recv error (-9): A TLS packet with unexpected length was received."
"2014-09-22 09:47:04",DataService.getAppSetting,"a:2:{i:0;O:9:""xmlrpcval"":3:{s:2:""me"";a:1:{s:6:""string"";s:6:""APIKEY"";}s:6:""mytype"";i:1;s:10:""_php_class"";N;}i:1;O:9:""xmlrpcval"":3:{s:2:""me"";a:1:{s:6:""string"";s:7:""enabled"";}s:6:""mytype"";i:1;s:10:""_php_class"";N;}}","0.95142800 1411379224","0.29623100 1411379225",-0.655197,"O:10:""xmlrpcresp"":9:{s:3:""val"";s:3:""yes"";s:6:""valtyp"";s:7:""phpvals"";s:5:""errno"";i:0;s:6:""errstr"";s:0:"""";s:7:""payload"";N;s:4:""hdrs"";a:8:{s:6:""server"";s:17:""Apache-Coyote/1.1"";s:6:""pragma"";s:8:""no-cache"";s:13:""cache-control"";s:18:""no-cache, no-store"";s:7:""expires"";s:29:""Mon, 22 Sep 2014 21:42:19 GMT"";s:12:""content-type"";s:22:""text/xml;charset=UTF-8"";s:14:""content-length"";s:3:""121"";s:4:""date"";s:29:""Mon, 22 Sep 2014 09:42:19 GMT"";s:10:""set-cookie"";s:36:""app-lb=1074069514.20480.0000; path=/"";}s:8:""_cookies"";a:1:{s:6:""app-lb"";a:2:{s:5:""value"";s:21:""1074069514.20480.0000"";s:4:""path"";s:1:""/"";}}s:12:""content_type"";s:8:""text/xml"";s:8:""raw_data"";s:406:""HTTP/1.1 200 OK
Server: Apache-Coyote/1.1
Pragma: no-cache
Cache-Control: no-cache, no-store
Expires: Mon, 22 Sep 2014 21:42:19 GMT
Content-Type: text/xml;charset=UTF-8
Content-Length: 121
Date: Mon, 22 Sep 2014 09:42:19 GMT
Set-Cookie: app-lb=1074069514.20480.0000; path=/

<?xml version=""1.0"" encoding=""UTF-8""?><methodResponse><params><param><value>yes</value></param></params></methodResponse>"";}",No,"No Error Code Received"
"2014-09-22 09:47:05",DataService.findByField,"a:6:{i:0;O:9:""xmlrpcval"":3:{s:2:""me"";a:1:{s:6:""string"";s:6:""APIKEY"";}s:6:""mytype"";i:1;s:10:""_php_class"";N;}i:1;O:9:""xmlrpcval"":3:{s:2:""me"";a:1:{s:3:""int"";i:10;}s:6:""mytype"";i:1;s:10:""_php_class"";N;}i:2;O:9:""xmlrpcval"":3:{s:2:""me"";a:1:{s:3:""int"";i:0;}s:6:""mytype"";i:1;s:10:""_php_class"";N;}i:3;O:9:""xmlrpcval"":3:{s:2:""me"";a:1:{s:6:""string"";s:9:""FirstName"";}s:6:""mytype"";i:1;s:10:""_php_class"";N;}i:4;O:9:""xmlrpcval"":3:{s:2:""me"";a:1:{s:6:""string"";s:8:""emeritu%"";}s:6:""mytype"";i:1;s:10:""_php_class"";N;}i:5;O:9:""xmlrpcval"":3:{s:2:""me"";a:1:{s:5:""array"";a:4:{i:0;O:9:""xmlrpcval"":3:{s:2:""me"";a:1:{s:6:""string"";s:2:""Id"";}s:6:""mytype"";i:1;s:10:""_php_class"";N;}i:1;O:9:""xmlrpcval"":3:{s:2:""me"";a:1:{s:6:""string"";s:9:""FirstName"";}s:6:""mytype"";i:1;s:10:""_php_class"";N;}i:2;O:9:""xmlrpcval"":3:{s:2:""me"";a:1:{s:6:""string"";s:8:""LastName"";}s:6:""mytype"";i:1;s:10:""_php_class"";N;}i:3;O:9:""xmlrpcval"":3:{s:2:""me"";a:1:{s:6:""string"";s:5:""Email"";}s:6:""mytype"";i:1;s:10:""_php_class"";N;}}}s:6:""mytype"";i:2;s:10:""_php_class"";N;}}","0.29659300 1411379225","0.34802600 1411379225",0.051433,"O:10:""xmlrpcresp"":9:{s:3:""val"";i:0;s:6:""valtyp"";N;s:5:""errno"";i:8;s:6:""errstr"";s:85:""CURL error: GnuTLS recv error (-9): A TLS packet with unexpected length was received."";s:7:""payload"";N;s:4:""hdrs"";a:0:{}s:8:""_cookies"";a:0:{}s:12:""content_type"";s:8:""text/xml"";s:8:""raw_data"";s:0:"""";}",Yes,"ERROR: 8 - CURL error: GnuTLS recv error (-9): A TLS packet with unexpected length was received."
"2014-09-22 09:47:05",DataService.getAppSetting,"a:2:{i:0;O:9:""xmlrpcval"":3:{s:2:""me"";a:1:{s:6:""string"";s:6:""APIKEY"";}s:6:""mytype"";i:1;s:10:""_php_class"";N;}i:1;O:9:""xmlrpcval"":3:{s:2:""me"";a:1:{s:6:""string"";s:7:""enabled"";}s:6:""mytype"";i:1;s:10:""_php_class"";N;}}","0.12391800 1411379225","0.50491500 1411379225",0.380997,"O:10:""xmlrpcresp"":9:{s:3:""val"";s:3:""yes"";s:6:""valtyp"";s:7:""phpvals"";s:5:""errno"";i:0;s:6:""errstr"";s:0:"""";s:7:""payload"";N;s:4:""hdrs"";a:8:{s:6:""server"";s:17:""Apache-Coyote/1.1"";s:6:""pragma"";s:8:""no-cache"";s:13:""cache-control"";s:18:""no-cache, no-store"";s:7:""expires"";s:29:""Mon, 22 Sep 2014 21:42:19 GMT"";s:12:""content-type"";s:22:""text/xml;charset=UTF-8"";s:14:""content-length"";s:3:""121"";s:4:""date"";s:29:""Mon, 22 Sep 2014 09:42:19 GMT"";s:10:""set-cookie"";s:36:""app-lb=1074069514.20480.0000; path=/"";}s:8:""_cookies"";a:1:{s:6:""app-lb"";a:2:{s:5:""value"";s:21:""1074069514.20480.0000"";s:4:""path"";s:1:""/"";}}s:12:""content_type"";s:8:""text/xml"";s:8:""raw_data"";s:406:""HTTP/1.1 200 OK
Server: Apache-Coyote/1.1
Pragma: no-cache
Cache-Control: no-cache, no-store
Expires: Mon, 22 Sep 2014 21:42:19 GMT
Content-Type: text/xml;charset=UTF-8
Content-Length: 121
Date: Mon, 22 Sep 2014 09:42:19 GMT
Set-Cookie: app-lb=1074069514.20480.0000; path=/

<?xml version=""1.0"" encoding=""UTF-8""?><methodResponse><params><param><value>yes</value></param></params></methodResponse>"";}",No,"No Error Code Received"
"2014-09-22 09:47:05",DataService.getAppSetting,"a:2:{i:0;O:9:""xmlrpcval"":3:{s:2:""me"";a:1:{s:6:""string"";s:6:""APIKEY"";}s:6:""mytype"";i:1;s:10:""_php_class"";N;}i:1;O:9:""xmlrpcval"":3:{s:2:""me"";a:1:{s:6:""string"";s:7:""enabled"";}s:6:""mytype"";i:1;s:10:""_php_class"";N;}}","0.22489600 1411379225","0.55428300 1411379225",0.329387,"O:10:""xmlrpcresp"":9:{s:3:""val"";s:3:""yes"";s:6:""valtyp"";s:7:""phpvals"";s:5:""errno"";i:0;s:6:""errstr"";s:0:"""";s:7:""payload"";N;s:4:""hdrs"";a:8:{s:6:""server"";s:17:""Apache-Coyote/1.1"";s:6:""pragma"";s:8:""no-cache"";s:13:""cache-control"";s:18:""no-cache, no-store"";s:7:""expires"";s:29:""Mon, 22 Sep 2014 21:42:19 GMT"";s:12:""content-type"";s:22:""text/xml;charset=UTF-8"";s:14:""content-length"";s:3:""121"";s:4:""date"";s:29:""Mon, 22 Sep 2014 09:42:19 GMT"";s:10:""set-cookie"";s:36:""app-lb=1074069514.20480.0000; path=/"";}s:8:""_cookies"";a:1:{s:6:""app-lb"";a:2:{s:5:""value"";s:21:""1074069514.20480.0000"";s:4:""path"";s:1:""/"";}}s:12:""content_type"";s:8:""text/xml"";s:8:""raw_data"";s:406:""HTTP/1.1 200 OK
Server: Apache-Coyote/1.1
Pragma: no-cache
Cache-Control: no-cache, no-store
Expires: Mon, 22 Sep 2014 21:42:19 GMT
Content-Type: text/xml;charset=UTF-8
Content-Length: 121
Date: Mon, 22 Sep 2014 09:42:19 GMT
Set-Cookie: app-lb=1074069514.20480.0000; path=/

<?xml version=""1.0"" encoding=""UTF-8""?><methodResponse><params><param><value>yes</value></param></params></methodResponse>"";}",No,"No Error Code Received"
"2014-09-22 09:47:05",DataService.findByField,"a:6:{i:0;O:9:""xmlrpcval"":3:{s:2:""me"";a:1:{s:6:""string"";s:6:""APIKEY"";}s:6:""mytype"";i:1;s:10:""_php_class"";N;}i:1;O:9:""xmlrpcval"":3:{s:2:""me"";a:1:{s:3:""int"";i:10;}s:6:""mytype"";i:1;s:10:""_php_class"";N;}i:2;O:9:""xmlrpcval"":3:{s:2:""me"";a:1:{s:3:""int"";i:0;}s:6:""mytype"";i:1;s:10:""_php_class"";N;}i:3;O:9:""xmlrpcval"":3:{s:2:""me"";a:1:{s:6:""string"";s:9:""FirstName"";}s:6:""mytype"";i:1;s:10:""_php_class"";N;}i:4;O:9:""xmlrpcval"":3:{s:2:""me"";a:1:{s:6:""string"";s:9:""emeritus%"";}s:6:""mytype"";i:1;s:10:""_php_class"";N;}i:5;O:9:""xmlrpcval"":3:{s:2:""me"";a:1:{s:5:""array"";a:4:{i:0;O:9:""xmlrpcval"":3:{s:2:""me"";a:1:{s:6:""string"";s:2:""Id"";}s:6:""mytype"";i:1;s:10:""_php_class"";N;}i:1;O:9:""xmlrpcval"":3:{s:2:""me"";a:1:{s:6:""string"";s:9:""FirstName"";}s:6:""mytype"";i:1;s:10:""_php_class"";N;}i:2;O:9:""xmlrpcval"":3:{s:2:""me"";a:1:{s:6:""string"";s:8:""LastName"";}s:6:""mytype"";i:1;s:10:""_php_class"";N;}i:3;O:9:""xmlrpcval"":3:{s:2:""me"";a:1:{s:6:""string"";s:5:""Email"";}s:6:""mytype"";i:1;s:10:""_php_class"";N;}}}s:6:""mytype"";i:2;s:10:""_php_class"";N;}}","0.50553300 1411379225","0.55852200 1411379225",0.052989,"O:10:""xmlrpcresp"":9:{s:3:""val"";i:0;s:6:""valtyp"";N;s:5:""errno"";i:8;s:6:""errstr"";s:85:""CURL error: GnuTLS recv error (-9): A TLS packet with unexpected length was received."";s:7:""payload"";N;s:4:""hdrs"";a:0:{}s:8:""_cookies"";a:0:{}s:12:""content_type"";s:8:""text/xml"";s:8:""raw_data"";s:0:"""";}",Yes,"ERROR: 8 - CURL error: GnuTLS recv error (-9): A TLS packet with unexpected length was received."
"2014-09-22 09:47:05",DataService.findByField,"a:6:{i:0;O:9:""xmlrpcval"":3:{s:2:""me"";a:1:{s:6:""string"";s:6:""APIKEY"";}s:6:""mytype"";i:1;s:10:""_php_class"";N;}i:1;O:9:""xmlrpcval"":3:{s:2:""me"";a:1:{s:3:""int"";i:10;}s:6:""mytype"";i:1;s:10:""_php_class"";N;}i:2;O:9:""xmlrpcval"":3:{s:2:""me"";a:1:{s:3:""int"";i:0;}s:6:""mytype"";i:1;s:10:""_php_class"";N;}i:3;O:9:""xmlrpcval"":3:{s:2:""me"";a:1:{s:6:""string"";s:9:""FirstName"";}s:6:""mytype"";i:1;s:10:""_php_class"";N;}i:4;O:9:""xmlrpcval"":3:{s:2:""me"";a:1:{s:6:""string"";s:5:""emer%"";}s:6:""mytype"";i:1;s:10:""_php_class"";N;}i:5;O:9:""xmlrpcval"":3:{s:2:""me"";a:1:{s:5:""array"";a:4:{i:0;O:9:""xmlrpcval"":3:{s:2:""me"";a:1:{s:6:""string"";s:2:""Id"";}s:6:""mytype"";i:1;s:10:""_php_class"";N;}i:1;O:9:""xmlrpcval"":3:{s:2:""me"";a:1:{s:6:""string"";s:9:""FirstName"";}s:6:""mytype"";i:1;s:10:""_php_class"";N;}i:2;O:9:""xmlrpcval"":3:{s:2:""me"";a:1:{s:6:""string"";s:8:""LastName"";}s:6:""mytype"";i:1;s:10:""_php_class"";N;}i:3;O:9:""xmlrpcval"":3:{s:2:""me"";a:1:{s:6:""string"";s:5:""Email"";}s:6:""mytype"";i:1;s:10:""_php_class"";N;}}}s:6:""mytype"";i:2;s:10:""_php_class"";N;}}","0.55461300 1411379225","0.60827400 1411379225",0.053661,"O:10:""xmlrpcresp"":9:{s:3:""val"";i:0;s:6:""valtyp"";N;s:5:""errno"";i:8;s:6:""errstr"";s:85:""CURL error: GnuTLS recv error (-9): A TLS packet with unexpected length was received."";s:7:""payload"";N;s:4:""hdrs"";a:0:{}s:8:""_cookies"";a:0:{}s:12:""content_type"";s:8:""text/xml"";s:8:""raw_data"";s:0:"""";}",Yes,"ERROR: 8 - CURL error: GnuTLS recv error (-9): A TLS packet with unexpected length was received."
"2014-09-22 09:47:05",DataService.getAppSetting,"a:2:{i:0;O:9:""xmlrpcval"":3:{s:2:""me"";a:1:{s:6:""string"";s:6:""APIKEY"";}s:6:""mytype"";i:1;s:10:""_php_class"";N;}i:1;O:9:""xmlrpcval"":3:{s:2:""me"";a:1:{s:6:""string"";s:7:""enabled"";}s:6:""mytype"";i:1;s:10:""_php_class"";N;}}","0.64061700 1411379225","0.94485700 1411379225",0.30424,"O:10:""xmlrpcresp"":9:{s:3:""val"";s:3:""yes"";s:6:""valtyp"";s:7:""phpvals"";s:5:""errno"";i:0;s:6:""errstr"";s:0:"""";s:7:""payload"";N;s:4:""hdrs"";a:8:{s:6:""server"";s:17:""Apache-Coyote/1.1"";s:6:""pragma"";s:8:""no-cache"";s:13:""cache-control"";s:18:""no-cache, no-store"";s:7:""expires"";s:29:""Mon, 22 Sep 2014 21:42:20 GMT"";s:12:""content-type"";s:22:""text/xml;charset=UTF-8"";s:14:""content-length"";s:3:""121"";s:4:""date"";s:29:""Mon, 22 Sep 2014 09:42:20 GMT"";s:10:""set-cookie"";s:36:""app-lb=1074069514.20480.0000; path=/"";}s:8:""_cookies"";a:1:{s:6:""app-lb"";a:2:{s:5:""value"";s:21:""1074069514.20480.0000"";s:4:""path"";s:1:""/"";}}s:12:""content_type"";s:8:""text/xml"";s:8:""raw_data"";s:406:""HTTP/1.1 200 OK
Server: Apache-Coyote/1.1
Pragma: no-cache
Cache-Control: no-cache, no-store
Expires: Mon, 22 Sep 2014 21:42:20 GMT
Content-Type: text/xml;charset=UTF-8
Content-Length: 121
Date: Mon, 22 Sep 2014 09:42:20 GMT
Set-Cookie: app-lb=1074069514.20480.0000; path=/

<?xml version=""1.0"" encoding=""UTF-8""?><methodResponse><params><param><value>yes</value></param></params></methodResponse>"";}",No,"No Error Code Received"
"2014-09-22 09:47:05",DataService.findByField,"a:6:{i:0;O:9:""xmlrpcval"":3:{s:2:""me"";a:1:{s:6:""string"";s:6:""APIKEY"";}s:6:""mytype"";i:1;s:10:""_php_class"";N;}i:1;O:9:""xmlrpcval"":3:{s:2:""me"";a:1:{s:3:""int"";i:10;}s:6:""mytype"";i:1;s:10:""_php_class"";N;}i:2;O:9:""xmlrpcval"":3:{s:2:""me"";a:1:{s:3:""int"";i:0;}s:6:""mytype"";i:1;s:10:""_php_class"";N;}i:3;O:9:""xmlrpcval"":3:{s:2:""me"";a:1:{s:6:""string"";s:9:""FirstName"";}s:6:""mytype"";i:1;s:10:""_php_class"";N;}i:4;O:9:""xmlrpcval"":3:{s:2:""me"";a:1:{s:6:""string"";s:9:""emeritus%"";}s:6:""mytype"";i:1;s:10:""_php_class"";N;}i:5;O:9:""xmlrpcval"":3:{s:2:""me"";a:1:{s:5:""array"";a:4:{i:0;O:9:""xmlrpcval"":3:{s:2:""me"";a:1:{s:6:""string"";s:2:""Id"";}s:6:""mytype"";i:1;s:10:""_php_class"";N;}i:1;O:9:""xmlrpcval"":3:{s:2:""me"";a:1:{s:6:""string"";s:9:""FirstName"";}s:6:""mytype"";i:1;s:10:""_php_class"";N;}i:2;O:9:""xmlrpcval"":3:{s:2:""me"";a:1:{s:6:""string"";s:8:""LastName"";}s:6:""mytype"";i:1;s:10:""_php_class"";N;}i:3;O:9:""xmlrpcval"":3:{s:2:""me"";a:1:{s:6:""string"";s:5:""Email"";}s:6:""mytype"";i:1;s:10:""_php_class"";N;}}}s:6:""mytype"";i:2;s:10:""_php_class"";N;}}","0.94523500 1411379225","0.99890300 1411379225",0.053668,"O:10:""xmlrpcresp"":9:{s:3:""val"";i:0;s:6:""valtyp"";N;s:5:""errno"";i:8;s:6:""errstr"";s:85:""CURL error: GnuTLS recv error (-9): A TLS packet with unexpected length was received."";s:7:""payload"";N;s:4:""hdrs"";a:0:{}s:8:""_cookies"";a:0:{}s:12:""content_type"";s:8:""text/xml"";s:8:""raw_data"";s:0:"""";}",Yes,"ERROR: 8 - CURL error: GnuTLS recv error (-9): A TLS packet with unexpected length was received."
